,Location,Address,Country,Date time,Maximum Temperature,Minimum Temperature,Temperature,Wind Chill,Heat Index,Precipitation,Snow Depth,Wind Speed,Wind Gust,Cloud Cover,Relative Humidity,Conditions,Date,30308_Accidents
0,,30308, USA,2019-01-01,64.9,56.1,61.2,,,0.2,,6.0,,70.7,91.08,"Rain, Partially cloudy",01/01/2019,
1,,30308, USA,2019-01-02,56.8,48.8,52.1,46.4,,0.4,,7.2,,72.8,92.82,"Rain, Partially cloudy",01/02/2019,4.0
2,,30308, USA,2019-01-03,54.4,50.1,52.3,,,0.3,,9.9,,99.4,96.68,"Rain, Overcast",01/03/2019,2.0
3,,30308, USA,2019-01-04,64.6,45.0,54.3,40.2,,1.2,,18.1,33.6,87.5,86.99,"Rain, Overcast",01/04/2019,2.0
4,,30308, USA,2019-01-05,57.5,43.6,48.6,36.2,,0.0,,17.0,33.3,40.7,65.53,Partially cloudy,01/05/2019,1.0
5,,30308, USA,2019-01-06,68.3,41.1,52.5,38.1,,0.0,,7.7,,5.5,63.1,Clear,01/06/2019,1.0
6,,30308, USA,2019-01-07,67.7,40.0,52.8,44.7,,0.0,,10.1,,18.2,68.92,Clear,01/07/2019,2.0
7,,30308, USA,2019-01-08,64.5,48.4,55.8,47.9,,0.0,,10.4,,56.0,78.26,Partially cloudy,01/08/2019,1.0
8,,30308, USA,2019-01-09,56.1,39.2,46.6,30.0,,0.0,,20.4,33.3,2.2,40.91,Clear,01/09/2019,3.0
9,,30308, USA,2019-01-10,44.5,28.9,36.1,19.2,,0.0,,16.1,34.4,10.9,50.76,Clear,01/10/2019,1.0
10,,30308, USA,2019-01-11,52.9,27.5,40.0,29.5,,0.0,,7.6,,13.5,50.51,Clear,01/11/2019,2.0
11,,30308, USA,2019-01-12,42.7,36.9,40.5,29.5,,0.3,,12.3,,93.9,60.38,"Rain, Overcast",01/12/2019,2.0
12,,30308, USA,2019-01-13,45.6,35.0,39.9,28.2,,0.2,,9.5,,99.8,92.61,"Rain, Overcast",01/13/2019,
13,,30308, USA,2019-01-14,45.3,39.2,42.9,31.7,,0.0,,13.2,,99.7,79.92,Overcast,01/14/2019,4.0
14,,30308, USA,2019-01-15,44.2,32.8,37.7,27.1,,0.0,,12.8,,59.1,73.13,Partially cloudy,01/15/2019,
15,,30308, USA,2019-01-16,52.3,29.6,38.4,21.9,,0.0,,9.1,,19.0,75.53,Clear,01/16/2019,6.0
16,,30308, USA,2019-01-17,47.8,31.5,40.1,41.8,,0.1,,5.0,,61.7,90.12,"Rain, Partially cloudy",01/17/2019,2.0
17,,30308, USA,2019-01-18,56.3,45.6,49.5,43.9,,0.0,,4.8,,75.6,92.24,Overcast,01/18/2019,7.0
18,,30308, USA,2019-01-19,62.2,47.7,55.1,,,0.9,,13.9,,87.5,95.35,"Rain, Overcast",01/19/2019,3.0
19,,30308, USA,2019-01-20,52.6,28.5,35.5,17.8,,0.0,,21.4,37.8,63.8,67.8,Partially cloudy,01/20/2019,
20,,30308, USA,2019-01-21,42.7,20.8,30.6,11.1,,0.0,,15.6,,8.2,46.34,Clear,01/21/2019,2.0
21,,30308, USA,2019-01-22,43.9,29.6,37.2,21.7,,0.0,,10.9,,62.5,37.63,Partially cloudy,01/22/2019,1.0
22,,30308, USA,2019-01-23,66.7,41.7,52.3,35.7,,1.5,,16.0,35.6,97.6,70.94,"Rain, Overcast",01/23/2019,3.0
23,,30308, USA,2019-01-24,53.7,34.0,42.2,27.1,,0.3,,19.8,39.1,63.3,79.91,"Rain, Partially cloudy",01/24/2019,2.0
24,,30308, USA,2019-01-25,45.9,30.1,36.8,23.3,,0.0,,14.4,,11.9,59.6,Clear,01/25/2019,1.0
25,,30308, USA,2019-01-26,50.3,25.8,36.7,22.9,,0.0,,10.9,,5.7,62.82,Clear,01/26/2019,
26,,30308, USA,2019-01-27,50.5,29.7,39.1,46.7,,0.0,,4.6,,23.2,75.25,Clear,01/27/2019,
27,,30308, USA,2019-01-28,57.0,29.3,43.5,44.4,,0.0,,13.0,,44.5,69.01,Partially cloudy,01/28/2019,4.0
28,,30308, USA,2019-01-29,50.3,27.9,40.4,18.3,,0.1,,16.4,29.8,64.0,64.65,"Rain, Partially cloudy",01/29/2019,1.0
29,,30308, USA,2019-01-30,42.7,22.1,31.5,15.6,,0.0,,15.1,30.3,14.2,49.17,Clear,01/30/2019,1.0
30,,30308, USA,2019-01-31,51.0,25.5,36.6,25.7,,0.0,,8.6,,18.3,54.2,Clear,01/31/2019,2.0
31,,30308, USA,2019-02-01,60.6,29.2,42.9,41.5,,0.0,,7.6,,14.2,57.17,Clear,02/01/2019,3.0
32,,30308, USA,2019-02-02,64.8,33.2,50.2,31.9,,0.0,,7.2,,47.9,65.88,Partially cloudy,02/02/2019,2.0
33,,30308, USA,2019-02-03,63.2,46.4,55.1,,,0.0,,6.9,,71.9,72.56,Partially cloudy,02/03/2019,
34,,30308, USA,2019-02-04,65.1,39.5,52.1,,,0.0,,6.1,,50.5,83.3,Partially cloudy,02/04/2019,1.0
35,,30308, USA,2019-02-05,71.8,54.0,61.6,,,0.0,,5.9,,76.9,83.49,Overcast,02/05/2019,1.0
36,,30308, USA,2019-02-06,69.9,56.3,63.0,,,0.1,,9.6,,84.3,91.95,"Rain, Overcast",02/06/2019,2.0
37,,30308, USA,2019-02-07,79.1,62.7,69.5,,,0.0,,15.8,31.1,47.3,72.85,Partially cloudy,02/07/2019,1.0
38,,30308, USA,2019-02-08,67.4,42.0,53.0,35.3,,0.0,,18.5,32.2,52.0,56.37,Partially cloudy,02/08/2019,1.0
39,,30308, USA,2019-02-09,54.0,37.3,44.6,31.4,,0.0,,12.9,31.1,65.8,41.52,Partially cloudy,02/09/2019,
40,,30308, USA,2019-02-10,44.8,36.9,39.9,30.3,,0.1,,13.0,,81.7,65.46,"Rain, Overcast",02/10/2019,
41,,30308, USA,2019-02-11,55.0,37.0,45.2,32.8,,0.1,,5.3,,98.0,96.39,"Rain, Overcast",02/11/2019,2.0
42,,30308, USA,2019-02-12,68.4,48.8,57.2,42.6,,0.9,,17.4,34.2,79.8,91.88,"Rain, Overcast",02/12/2019,4.0
43,,30308, USA,2019-02-13,54.7,36.3,44.6,31.1,,0.0,,16.7,33.3,12.0,49.94,Clear,02/13/2019,2.0
44,,30308, USA,2019-02-14,63.7,32.2,47.9,,,0.0,,11.3,,28.6,53.03,Partially cloudy,02/14/2019,2.0
45,,30308, USA,2019-02-15,59.5,49.3,54.9,47.1,,0.2,,9.5,,88.4,80.92,"Rain, Overcast",02/15/2019,2.0
46,,30308, USA,2019-02-16,60.4,47.5,55.2,46.1,,0.1,,12.6,,73.5,87.18,"Rain, Partially cloudy",02/16/2019,
47,,30308, USA,2019-02-17,50.1,45.4,47.9,41.9,,0.1,,9.6,,81.8,94.58,"Rain, Overcast",02/17/2019,
48,,30308, USA,2019-02-18,57.8,45.2,49.2,40.8,,0.1,,14.1,,58.3,68.87,"Rain, Partially cloudy",02/18/2019,2.0
49,,30308, USA,2019-02-19,46.8,37.2,41.8,28.6,,1.5,,14.9,33.3,99.3,80.43,"Rain, Overcast",02/19/2019,3.0
50,,30308, USA,2019-02-20,43.9,38.3,41.2,31.7,,0.6,,11.7,34.4,100.0,96.28,"Rain, Overcast",02/20/2019,2.0
51,,30308, USA,2019-02-21,61.2,42.4,51.0,37.9,,0.7,,7.1,,88.7,96.07,"Rain, Overcast",02/21/2019,3.0
52,,30308, USA,2019-02-22,58.6,50.7,54.1,,,0.0,,12.7,,87.6,96.56,Overcast,02/22/2019,2.0
53,,30308, USA,2019-02-23,50.3,46.8,48.7,42.5,,0.0,,11.9,,98.0,97.24,Overcast,02/23/2019,1.0
54,,30308, USA,2019-02-24,62.2,46.8,54.8,42.4,,0.3,,23.5,36.0,39.0,62.05,"Rain, Partially cloudy",02/24/2019,
55,,30308, USA,2019-02-25,61.2,38.5,49.3,32.6,,0.0,,11.2,,12.9,34.89,Clear,02/25/2019,1.0
56,,30308, USA,2019-02-26,64.8,41.1,54.2,41.8,,0.0,,7.4,,65.9,56.83,Partially cloudy,02/26/2019,3.0
57,,30308, USA,2019-02-27,66.0,53.4,59.1,,,0.0,,5.1,,79.4,82.52,Overcast,02/27/2019,4.0
58,,30308, USA,2019-02-28,63.0,53.8,58.1,,,0.4,,7.6,,82.3,94.27,"Rain, Overcast",02/28/2019,1.0
59,,30308, USA,2019-03-01,67.7,59.5,62.4,,,0.0,,12.1,,96.0,87.07,Overcast,03/01/2019,
60,,30308, USA,2019-03-02,65.1,50.5,57.9,,,0.0,,8.0,,80.7,76.81,Overcast,03/02/2019,2.0
61,,30308, USA,2019-03-03,60.6,43.5,54.9,37.2,,1.0,,16.8,29.8,91.8,85.61,"Rain, Overcast",03/03/2019,3.0
62,,30308, USA,2019-03-04,42.4,34.0,37.8,24.6,,0.0,,18.4,34.4,80.5,68.96,Overcast,03/04/2019,1.0
63,,30308, USA,2019-03-05,43.9,25.9,34.3,13.8,,0.0,,17.8,32.2,16.5,44.43,Clear,03/05/2019,
64,,30308, USA,2019-03-06,44.8,25.9,34.8,17.2,,0.0,,14.8,,3.0,39.24,Clear,03/06/2019,1.0
65,,30308, USA,2019-03-07,58.6,28.3,44.0,32.9,,0.0,,7.2,,40.9,39.18,Partially cloudy,03/07/2019,1.0
66,,30308, USA,2019-03-08,67.0,49.1,55.9,,,0.0,,9.2,,97.7,46.79,Overcast,03/08/2019,1.0
67,,30308, USA,2019-03-09,70.4,48.4,57.4,45.7,,0.0,,11.8,,74.5,75.29,Partially cloudy,03/09/2019,1.0
68,,30308, USA,2019-03-10,68.3,54.5,61.8,,,0.0,,8.6,,85.8,72.34,Overcast,03/10/2019,1.0
69,,30308, USA,2019-03-11,65.5,51.4,56.4,,,0.0,,8.6,,64.8,73.9,Partially cloudy,03/11/2019,1.0
70,,30308, USA,2019-03-12,72.0,43.1,57.3,46.0,,0.0,,6.5,,18.1,61.47,Clear,03/12/2019,4.0
71,,30308, USA,2019-03-13,68.5,51.2,59.8,,,0.0,,14.6,,22.6,50.9,Clear,03/13/2019,1.0
72,,30308, USA,2019-03-14,73.8,57.1,64.8,,,0.0,,17.7,30.3,80.9,73.45,Overcast,03/14/2019,3.0
73,,30308, USA,2019-03-15,70.3,52.9,61.6,,,0.7,,12.9,,76.8,77.75,"Rain, Overcast",03/15/2019,1.0
74,,30308, USA,2019-03-16,52.0,42.0,47.0,36.3,,0.0,,18.7,,14.7,47.61,Clear,03/16/2019,
75,,30308, USA,2019-03-17,62.7,39.9,50.1,37.6,,0.0,,11.8,,19.7,39.93,Clear,03/17/2019,
76,,30308, USA,2019-03-18,59.1,39.6,48.9,38.5,,0.0,,15.6,31.1,13.3,40.88,Clear,03/18/2019,1.0
77,,30308, USA,2019-03-19,58.0,36.4,46.7,32.7,,0.0,,14.4,31.1,16.9,38.89,Clear,03/19/2019,1.0
78,,30308, USA,2019-03-20,61.4,34.0,47.7,30.6,,0.0,,8.8,,1.8,48.97,Clear,03/20/2019,2.0
79,,30308, USA,2019-03-21,59.3,41.2,51.2,42.3,,0.0,,19.7,35.6,50.4,54.77,Partially cloudy,03/21/2019,1.0
80,,30308, USA,2019-03-22,64.8,39.5,52.1,34.6,,0.0,,19.5,33.9,1.5,46.16,Clear,03/22/2019,1.0
81,,30308, USA,2019-03-23,71.0,39.7,55.8,35.9,,0.0,,9.3,,10.6,39.26,Clear,03/23/2019,
82,,30308, USA,2019-03-24,73.6,39.8,57.6,,,0.0,,11.1,,21.4,48.2,Clear,03/24/2019,
83,,30308, USA,2019-03-25,67.1,50.8,58.5,,,0.4,,8.9,29.8,67.9,73.45,"Rain, Partially cloudy",03/25/2019,3.0
84,,30308, USA,2019-03-26,61.8,49.3,54.9,44.8,,0.3,,12.0,,75.6,79.16,"Rain, Overcast",03/26/2019,2.0
85,,30308, USA,2019-03-27,61.7,46.5,53.4,42.2,,0.0,,12.7,,31.5,56.34,Partially cloudy,03/27/2019,
86,,30308, USA,2019-03-28,67.7,37.5,52.3,47.8,,0.0,,6.8,,10.3,49.58,Clear,03/28/2019,3.0
87,,30308, USA,2019-03-29,71.5,43.8,58.1,,,0.0,,8.9,,23.3,56.49,Clear,03/29/2019,1.0
88,,30308, USA,2019-03-30,75.5,53.0,63.8,,,0.0,,14.0,,39.5,58.59,Partially cloudy,03/30/2019,
89,,30308, USA,2019-03-31,68.9,43.0,52.1,35.9,,0.1,,17.6,34.4,64.5,62.24,"Rain, Partially cloudy",03/31/2019,
90,,30308, USA,2019-04-01,60.5,33.9,48.0,31.0,,0.0,,11.5,,14.7,41.04,Clear,04/01/2019,
91,,30308, USA,2019-04-02,61.5,45.7,52.4,41.1,,0.0,,11.8,,52.8,40.78,Partially cloudy,04/02/2019,4.0
92,,30308, USA,2019-04-03,71.5,38.0,55.5,,,0.0,,6.0,,14.1,51.38,Clear,04/03/2019,
93,,30308, USA,2019-04-04,69.2,44.4,58.8,,,0.1,,11.9,,34.5,56.83,"Rain, Partially cloudy",04/04/2019,5.0
94,,30308, USA,2019-04-05,74.5,54.9,63.2,,,0.2,,10.5,,79.7,81.69,"Rain, Overcast",04/05/2019,3.0
95,,30308, USA,2019-04-06,72.5,58.0,64.1,,,0.0,,8.3,,80.5,81.75,Overcast,04/06/2019,
96,,30308, USA,2019-04-07,78.9,60.2,68.9,,,0.9,,11.8,,52.3,80.03,"Rain, Partially cloudy",04/07/2019,
97,,30308, USA,2019-04-08,74.1,63.7,68.2,,,0.0,,12.9,,64.0,87.24,Partially cloudy,04/08/2019,
98,,30308, USA,2019-04-09,73.9,61.7,66.3,,,0.7,,7.6,32.2,68.4,87.44,"Rain, Partially cloudy",04/09/2019,
99,,30308, USA,2019-04-10,81.4,55.0,67.9,,80.6,0.0,,5.5,,8.6,67.65,Clear,04/10/2019,1.0
100,,30308, USA,2019-04-11,81.0,58.8,70.2,,80.0,0.0,,15.3,,26.9,63.7,Partially cloudy,04/11/2019,
101,,30308, USA,2019-04-12,77.3,65.0,70.9,,,0.1,,13.4,,65.3,73.85,"Rain, Partially cloudy",04/12/2019,1.0
102,,30308, USA,2019-04-13,81.0,60.3,69.9,,81.1,0.0,,10.9,,37.5,71.45,Partially cloudy,04/13/2019,2.0
103,,30308, USA,2019-04-14,77.1,57.2,70.1,,,1.3,,22.8,38.1,80.6,78.79,"Rain, Overcast",04/14/2019,1.0
104,,30308, USA,2019-04-15,65.3,44.8,54.7,39.7,,0.0,,18.8,35.6,29.0,54.3,Partially cloudy,04/15/2019,1.0
105,,30308, USA,2019-04-16,75.0,43.9,59.1,43.1,,0.0,,7.5,,6.4,56.38,Clear,04/16/2019,2.0
106,,30308, USA,2019-04-17,80.0,49.5,65.0,,79.7,0.0,,9.3,,21.5,60.82,Clear,04/17/2019,1.0
107,,30308, USA,2019-04-18,78.5,60.6,69.9,,,0.0,,14.8,,51.3,65.37,Partially cloudy,04/18/2019,3.0
108,,30308, USA,2019-04-19,71.0,47.1,61.4,41.5,,3.2,,16.2,40.3,95.1,86.83,"Rain, Overcast",04/19/2019,1.0
109,,30308, USA,2019-04-20,50.0,43.3,46.6,37.7,,0.1,,13.4,32.2,98.0,84.53,"Rain, Overcast",04/20/2019,2.0
110,,30308, USA,2019-04-21,70.9,42.2,56.1,40.5,,0.0,,16.6,29.8,10.4,59.5,Clear,04/21/2019,
111,,30308, USA,2019-04-22,80.2,45.1,62.5,,79.1,0.0,,7.8,,3.9,57.21,Clear,04/22/2019,1.0
112,,30308, USA,2019-04-23,81.7,51.9,67.7,,80.6,0.0,,11.0,,14.8,61.03,Clear,04/23/2019,3.0
113,,30308, USA,2019-04-24,82.0,59.3,70.6,,80.7,0.0,,13.0,,17.6,56.13,Clear,04/24/2019,1.0
114,,30308, USA,2019-04-25,73.8,60.6,66.5,,,0.0,,12.8,,35.1,74.04,Partially cloudy,04/25/2019,
115,,30308, USA,2019-04-26,72.7,59.1,65.1,,,0.0,,21.9,38.8,53.0,62.19,Partially cloudy,04/26/2019,3.0
116,,30308, USA,2019-04-27,77.1,47.4,63.2,45.9,,0.0,,11.6,,6.1,44.17,Clear,04/27/2019,2.0
117,,30308, USA,2019-04-28,80.3,56.7,68.8,,81.0,0.0,,11.4,,35.1,60.43,Partially cloudy,04/28/2019,1.0
118,,30308, USA,2019-04-29,83.6,60.0,71.9,,83.2,0.0,,9.7,,24.4,67.73,Clear,04/29/2019,3.0
119,,30308, USA,2019-04-30,84.7,59.0,72.7,,84.8,0.0,,8.4,,20.5,65.35,Clear,04/30/2019,2.0
120,,30308, USA,2019-05-01,82.6,64.5,73.5,,84.3,0.0,,8.6,,41.0,71.85,Partially cloudy,05/01/2019,2.0
121,,30308, USA,2019-05-02,82.5,63.8,74.1,,81.9,0.0,,8.5,,18.1,63.31,Clear,05/02/2019,1.0
122,,30308, USA,2019-05-03,82.8,64.6,73.5,,84.1,0.0,,9.2,,42.8,72.53,Partially cloudy,05/03/2019,1.0
123,,30308, USA,2019-05-04,80.3,66.8,72.9,,82.6,0.3,,14.9,,51.3,80.76,"Rain, Partially cloudy",05/04/2019,3.0
124,,30308, USA,2019-05-05,78.7,65.1,69.8,,,0.0,,13.6,,77.1,79.36,Overcast,05/05/2019,
125,,30308, USA,2019-05-06,80.3,56.8,68.6,,80.3,0.0,,7.0,,35.0,68.97,Partially cloudy,05/06/2019,1.0
126,,30308, USA,2019-05-07,81.4,58.7,71.5,,82.3,0.0,,7.9,,24.2,68.49,Clear,05/07/2019,3.0
127,,30308, USA,2019-05-08,84.1,63.1,73.2,,84.4,0.0,,11.7,,35.8,71.57,Partially cloudy,05/08/2019,
128,,30308, USA,2019-05-09,79.5,65.6,70.9,,,0.5,,13.5,32.9,58.1,74.95,"Rain, Partially cloudy",05/09/2019,
129,,30308, USA,2019-05-10,82.8,63.5,72.3,,83.9,0.0,,9.6,,65.4,76.97,Partially cloudy,05/10/2019,1.0
130,,30308, USA,2019-05-11,79.8,67.3,72.6,,,0.5,,8.6,,74.6,83.39,"Rain, Partially cloudy",05/11/2019,1.0
131,,30308, USA,2019-05-12,72.7,65.6,68.2,,,1.0,,10.2,,81.8,89.42,"Rain, Overcast",05/12/2019,1.0
132,,30308, USA,2019-05-13,72.7,60.2,66.6,,,0.0,,14.5,,45.9,65.46,Partially cloudy,05/13/2019,3.0
133,,30308, USA,2019-05-14,71.2,50.3,61.1,,,0.0,,11.4,,2.7,60.04,Clear,05/14/2019,
134,,30308, USA,2019-05-15,74.8,49.6,63.2,,,0.0,,7.5,,25.0,61.19,Clear,05/15/2019,3.0
135,,30308, USA,2019-05-16,85.0,60.5,72.1,,84.4,0.0,,8.6,,50.3,64.12,Partially cloudy,05/16/2019,1.0
136,,30308, USA,2019-05-17,86.5,63.6,74.8,,86.7,0.0,,8.8,,25.6,68.49,Partially cloudy,05/17/2019,
137,,30308, USA,2019-05-18,86.8,64.1,75.8,,87.5,0.0,,8.3,,15.5,67.24,Clear,05/18/2019,1.0
138,,30308, USA,2019-05-19,86.8,64.6,76.2,,86.1,0.0,,13.1,,22.4,62.57,Clear,05/19/2019,1.0
139,,30308, USA,2019-05-20,85.4,67.4,76.0,,85.1,0.0,,11.6,,50.7,63.74,Partially cloudy,05/20/2019,
140,,30308, USA,2019-05-21,88.1,62.3,76.4,,87.7,0.0,,7.9,,17.8,63.12,Clear,05/21/2019,2.0
141,,30308, USA,2019-05-22,91.1,68.2,80.4,,90.7,0.0,,10.2,,27.0,56.85,Partially cloudy,05/22/2019,4.0
142,,30308, USA,2019-05-23,88.4,70.5,79.7,,90.8,0.0,,8.1,,30.3,65.14,Partially cloudy,05/23/2019,1.0
143,,30308, USA,2019-05-24,91.7,68.3,80.8,,93.2,0.0,,8.0,,17.1,62.97,Clear,05/24/2019,2.0
144,,30308, USA,2019-05-25,92.0,70.7,81.7,,94.0,0.0,,9.7,,11.7,61.8,Clear,05/25/2019,1.0
145,,30308, USA,2019-05-26,93.3,68.8,82.1,,93.3,0.0,,10.4,,6.9,57.67,Clear,05/26/2019,
146,,30308, USA,2019-05-27,92.6,68.5,81.5,,92.8,0.0,,9.9,,22.2,58.09,Clear,05/27/2019,3.0
147,,30308, USA,2019-05-28,92.8,70.5,82.5,,90.8,0.0,,11.7,,9.9,55.97,Clear,05/28/2019,1.0
148,,30308, USA,2019-05-29,93.1,67.3,81.7,,92.0,0.0,,11.8,,7.5,54.1,Clear,05/29/2019,2.0
149,,30308, USA,2019-05-30,89.9,72.2,81.1,,90.0,0.0,,14.0,,29.5,56.23,Partially cloudy,05/30/2019,3.0
150,,30308, USA,2019-05-31,87.4,71.2,78.9,,86.0,0.0,,15.9,,40.9,54.58,Partially cloudy,05/31/2019,
151,,30308, USA,2019-06-01,87.8,62.4,76.3,,85.8,0.0,,10.9,,21.7,51.73,Clear,06/01/2019,1.0
152,,30308, USA,2019-06-02,88.3,64.6,75.5,,87.7,0.1,,15.4,33.2,31.6,61.32,"Rain, Partially cloudy",06/02/2019,1.0
153,,30308, USA,2019-06-03,88.0,66.1,76.8,,86.3,0.0,,11.3,,12.8,62.02,Clear,06/03/2019,2.0
154,,30308, USA,2019-06-04,82.5,68.5,74.0,,82.8,0.0,,9.9,,27.2,57.35,Partially cloudy,06/04/2019,6.0
155,,30308, USA,2019-06-05,83.2,67.7,75.0,,86.4,0.0,,7.6,,41.3,76.19,Partially cloudy,06/05/2019,4.0
156,,30308, USA,2019-06-06,75.5,71.0,73.8,,,0.0,,7.5,,93.9,79.57,Overcast,06/06/2019,5.0
157,,30308, USA,2019-06-07,87.9,69.6,74.3,,92.2,0.7,,14.4,44.7,77.8,84.72,"Rain, Overcast",06/07/2019,3.0
158,,30308, USA,2019-06-08,71.4,68.5,70.2,,,2.6,,8.0,29.8,96.6,93.5,"Rain, Overcast",06/08/2019,3.0
159,,30308, USA,2019-06-09,80.0,69.7,73.6,,82.9,0.0,,8.6,,95.6,85.84,Overcast,06/09/2019,
160,,30308, USA,2019-06-10,81.8,71.8,75.9,,85.9,0.1,,8.8,,82.1,83.37,"Rain, Overcast",06/10/2019,6.0
161,,30308, USA,2019-06-11,85.1,65.5,75.1,,87.0,0.1,,10.5,,44.3,69.73,"Rain, Partially cloudy",06/11/2019,5.0
162,,30308, USA,2019-06-12,73.0,66.4,69.4,,,0.7,,11.3,,99.0,77.19,"Rain, Overcast",06/12/2019,4.0
163,,30308, USA,2019-06-13,79.0,65.0,71.0,,,0.0,,15.4,,47.3,64.09,Partially cloudy,06/13/2019,2.0
164,,30308, USA,2019-06-14,80.3,56.2,69.0,,79.3,0.0,,6.7,,10.4,53.05,Clear,06/14/2019,1.0
165,,30308, USA,2019-06-15,84.3,59.9,73.0,,84.8,0.0,,9.1,,27.4,63.01,Partially cloudy,06/15/2019,5.0
166,,30308, USA,2019-06-16,88.1,65.7,78.0,,90.2,0.0,,9.3,,25.5,66.76,Partially cloudy,06/16/2019,
167,,30308, USA,2019-06-17,89.3,69.0,79.0,,92.0,0.1,,9.1,,31.1,70.38,"Rain, Partially cloudy",06/17/2019,
168,,30308, USA,2019-06-18,81.8,71.5,75.5,,85.8,0.1,,8.9,,62.0,85.47,"Rain, Partially cloudy",06/18/2019,2.0
169,,30308, USA,2019-06-19,86.3,70.6,77.5,,90.8,0.0,,12.1,34.4,67.4,77.96,Partially cloudy,06/19/2019,5.0
170,,30308, USA,2019-06-20,85.7,73.1,78.1,,88.6,0.2,,15.0,31.1,33.4,73.72,"Rain, Partially cloudy",06/20/2019,4.0
171,,30308, USA,2019-06-21,90.0,70.1,80.1,,93.7,0.0,,11.6,,19.4,66.62,Clear,06/21/2019,1.0
172,,30308, USA,2019-06-22,89.5,69.6,78.8,,95.9,0.1,,19.4,39.1,33.0,71.12,"Rain, Partially cloudy",06/22/2019,2.0
173,,30308, USA,2019-06-23,87.7,67.9,76.0,,93.5,0.4,,15.0,41.7,34.9,76.64,"Rain, Partially cloudy",06/23/2019,
174,,30308, USA,2019-06-24,88.1,70.2,77.1,,94.5,0.2,,20.9,44.8,46.6,80.27,"Rain, Partially cloudy",06/24/2019,3.0
175,,30308, USA,2019-06-25,85.6,68.8,76.8,,87.4,0.0,,9.9,,27.0,73.03,Partially cloudy,06/25/2019,2.0
176,,30308, USA,2019-06-26,85.6,68.5,76.8,,87.7,0.0,,6.1,,20.3,72.44,Clear,06/26/2019,3.0
177,,30308, USA,2019-06-27,87.2,71.5,78.6,,89.4,0.0,,9.1,,21.7,70.98,Clear,06/27/2019,1.0
178,,30308, USA,2019-06-28,87.9,69.6,79.1,,89.4,0.0,,9.9,,20.3,63.66,Clear,06/28/2019,2.0
179,,30308, USA,2019-06-29,85.0,69.7,77.8,,87.5,0.0,,7.2,,34.7,72.53,Partially cloudy,06/29/2019,3.0
180,,30308, USA,2019-06-30,90.0,71.1,80.7,,92.2,0.0,,8.3,,24.8,69.23,Clear,06/30/2019,1.0
181,,30308, USA,2019-07-01,91.1,72.9,83.0,,95.3,0.0,,11.6,,16.7,63.3,Clear,07/01/2019,1.0
182,,30308, USA,2019-07-02,93.8,73.8,84.8,,97.2,0.0,,9.9,,13.9,60.53,Clear,07/02/2019,1.0
183,,30308, USA,2019-07-03,90.7,76.3,83.7,,93.3,0.0,,8.0,,26.5,62.41,Partially cloudy,07/03/2019,
184,,30308, USA,2019-07-04,93.4,75.1,84.0,,95.9,0.0,,9.0,,39.8,62.26,Partially cloudy,07/04/2019,2.0
185,,30308, USA,2019-07-05,90.8,73.9,80.7,,97.1,0.3,,8.4,,39.1,74.02,"Rain, Partially cloudy",07/05/2019,
186,,30308, USA,2019-07-06,92.0,72.0,81.2,,98.1,0.0,,7.2,,36.7,73.12,Partially cloudy,07/06/2019,1.0
187,,30308, USA,2019-07-07,86.7,73.6,80.7,,92.5,0.2,,7.7,,39.3,74.01,"Rain, Partially cloudy",07/07/2019,
188,,30308, USA,2019-07-08,88.9,73.7,80.8,,95.0,0.0,,13.0,33.3,36.1,74.52,Partially cloudy,07/08/2019,
189,,30308, USA,2019-07-09,90.2,74.5,82.7,,99.4,0.0,,10.4,,37.8,72.67,Partially cloudy,07/09/2019,1.0
190,,30308, USA,2019-07-10,90.7,75.7,82.3,,96.8,0.2,,8.6,,54.9,71.86,"Rain, Partially cloudy",07/10/2019,
191,,30308, USA,2019-07-11,88.9,74.1,81.1,,95.5,0.0,,8.1,,49.9,76.41,Partially cloudy,07/11/2019,
192,,30308, USA,2019-07-12,90.7,74.8,81.7,,95.3,0.2,,10.2,32.2,58.7,72.05,"Rain, Partially cloudy",07/12/2019,1.0
193,,30308, USA,2019-07-13,87.7,74.1,79.1,,93.4,0.1,,12.8,34.4,47.0,76.32,"Rain, Partially cloudy",07/13/2019,1.0
194,,30308, USA,2019-07-14,89.2,72.6,80.3,,92.4,0.0,,13.6,29.8,34.2,69.82,Partially cloudy,07/14/2019,
195,,30308, USA,2019-07-15,91.6,71.2,82.6,,94.0,0.0,,8.7,,26.2,61.55,Partially cloudy,07/15/2019,
196,,30308, USA,2019-07-16,92.9,73.6,83.7,,95.5,0.0,,12.9,,17.3,62.65,Clear,07/16/2019,1.0
197,,30308, USA,2019-07-17,92.3,74.5,80.7,,96.7,0.1,,13.0,35.8,28.4,71.37,"Rain, Partially cloudy",07/17/2019,
198,,30308, USA,2019-07-18,89.9,73.3,79.1,,96.0,0.0,,13.2,32.7,26.4,77.8,Partially cloudy,07/18/2019,
199,,30308, USA,2019-07-19,87.1,74.7,78.2,,95.1,0.3,,14.5,31.1,44.8,83.63,"Rain, Partially cloudy",07/19/2019,
200,,30308, USA,2019-07-20,89.3,71.9,77.9,,94.7,0.3,,10.0,,71.6,81.0,"Rain, Partially cloudy",07/20/2019,1.0
201,,30308, USA,2019-07-21,88.5,71.5,78.9,,91.2,0.0,,7.9,,53.8,74.54,Partially cloudy,07/21/2019,
202,,30308, USA,2019-07-22,90.0,72.7,81.2,,93.1,0.0,,13.0,,32.1,67.97,Partially cloudy,07/22/2019,1.0
203,,30308, USA,2019-07-23,82.5,73.5,77.4,,85.4,0.1,,16.7,29.8,74.5,74.91,"Rain, Partially cloudy",07/23/2019,2.0
204,,30308, USA,2019-07-24,84.8,65.8,75.6,,83.4,0.0,,9.9,,31.8,60.82,Partially cloudy,07/24/2019,1.0
205,,30308, USA,2019-07-25,86.1,63.9,74.9,,84.3,0.0,,8.2,,24.1,56.01,Clear,07/25/2019,1.0
206,,30308, USA,2019-07-26,87.7,65.5,76.6,,86.1,0.0,,5.8,,28.3,56.34,Partially cloudy,07/26/2019,
207,,30308, USA,2019-07-27,88.2,66.2,77.7,,87.7,0.0,,7.6,,23.1,59.04,Clear,07/27/2019,2.0
208,,30308, USA,2019-07-28,88.6,66.8,77.8,,88.3,0.0,,6.7,,48.6,61.76,Partially cloudy,07/28/2019,
209,,30308, USA,2019-07-29,88.9,71.2,78.6,,89.1,0.3,,10.9,,38.1,64.67,"Rain, Partially cloudy",07/29/2019,
210,,30308, USA,2019-07-30,89.7,68.3,77.1,,90.7,0.4,,14.4,32.2,45.3,71.39,"Rain, Partially cloudy",07/30/2019,2.0
211,,30308, USA,2019-07-31,89.5,71.2,78.6,,91.3,0.0,,6.7,,60.2,72.42,Partially cloudy,07/31/2019,
212,,30308, USA,2019-08-01,91.9,69.5,78.0,,94.1,0.5,,8.8,33.3,36.4,71.59,"Rain, Partially cloudy",08/01/2019,
213,,30308, USA,2019-08-02,86.4,69.0,75.4,,89.4,0.9,,8.8,,57.2,79.71,"Rain, Partially cloudy",08/02/2019,2.0
214,,30308, USA,2019-08-03,87.9,70.3,77.9,,90.6,0.0,,6.2,,47.3,74.35,Partially cloudy,08/03/2019,
215,,30308, USA,2019-08-04,85.6,71.9,77.6,,88.0,0.1,,7.0,,56.3,75.09,"Rain, Partially cloudy",08/04/2019,2.0
216,,30308, USA,2019-08-05,89.5,72.1,78.6,,92.0,0.0,,10.1,,55.6,74.28,Partially cloudy,08/05/2019,3.0
217,,30308, USA,2019-08-06,90.2,71.0,79.5,,92.1,0.0,,8.8,,34.9,70.16,Partially cloudy,08/06/2019,
218,,30308, USA,2019-08-07,92.1,73.0,82.0,,96.8,0.0,,11.2,,32.8,65.76,Partially cloudy,08/07/2019,1.0
219,,30308, USA,2019-08-08,91.1,73.6,82.4,,94.6,0.0,,12.3,,25.2,62.25,Partially cloudy,08/08/2019,
220,,30308, USA,2019-08-09,92.8,73.5,82.8,,96.1,0.0,,11.9,,17.5,65.65,Clear,08/09/2019,1.0
221,,30308, USA,2019-08-10,92.8,76.0,83.2,,98.7,0.0,,9.4,,34.1,69.53,Partially cloudy,08/10/2019,1.0
222,,30308, USA,2019-08-11,93.2,74.8,83.9,,99.7,0.0,,8.5,,29.8,70.13,Partially cloudy,08/11/2019,
223,,30308, USA,2019-08-12,93.3,76.0,84.8,,101.0,0.0,,6.0,,25.3,67.46,Partially cloudy,08/12/2019,4.0
224,,30308, USA,2019-08-13,97.6,77.7,86.8,,105.0,0.0,,7.9,,18.3,65.57,Clear,08/13/2019,1.0
225,,30308, USA,2019-08-14,91.9,74.6,81.0,,98.9,0.3,,12.6,37.3,37.2,75.2,"Rain, Partially cloudy",08/14/2019,2.0
226,,30308, USA,2019-08-15,92.3,72.4,81.7,,94.4,0.0,,11.7,,17.3,64.86,Clear,08/15/2019,1.0
227,,30308, USA,2019-08-16,92.4,68.0,80.8,,92.7,0.0,,9.2,,4.5,57.43,Clear,08/16/2019,1.0
228,,30308, USA,2019-08-17,95.7,68.2,82.3,,95.4,0.0,,8.2,,4.9,57.5,Clear,08/17/2019,
229,,30308, USA,2019-08-18,94.3,73.2,82.6,,96.8,0.0,,9.3,53.9,26.5,63.35,Partially cloudy,08/18/2019,
230,,30308, USA,2019-08-19,91.9,72.8,80.8,,97.6,0.0,,8.6,34.4,23.0,70.98,Clear,08/19/2019,
231,,30308, USA,2019-08-20,92.2,71.5,80.7,,95.2,0.0,,11.1,,46.7,67.85,Partially cloudy,08/20/2019,2.0
232,,30308, USA,2019-08-21,92.6,71.5,81.5,,96.1,0.0,,9.0,,27.0,67.34,Partially cloudy,08/21/2019,2.0
233,,30308, USA,2019-08-22,92.6,73.6,83.2,,95.0,0.0,,9.5,,22.0,61.43,Clear,08/22/2019,
234,,30308, USA,2019-08-23,91.6,75.2,81.8,,95.0,0.0,,9.2,,44.9,67.86,Partially cloudy,08/23/2019,1.0
235,,30308, USA,2019-08-24,92.3,72.8,79.9,,95.4,0.0,,10.4,32.2,43.0,74.63,Partially cloudy,08/24/2019,
236,,30308, USA,2019-08-25,76.3,66.3,71.4,,,0.0,,16.0,,99.8,77.22,Overcast,08/25/2019,1.0
237,,30308, USA,2019-08-26,78.6,68.3,71.9,,,0.3,,10.9,,98.1,80.88,"Rain, Overcast",08/26/2019,2.0
238,,30308, USA,2019-08-27,81.1,71.2,75.1,,85.4,0.4,,8.7,,84.0,87.41,"Rain, Overcast",08/27/2019,5.0
239,,30308, USA,2019-08-28,89.5,70.2,78.3,,91.0,0.0,,13.0,,45.9,69.98,Partially cloudy,08/28/2019,1.0
240,,30308, USA,2019-08-29,87.9,63.8,75.9,,85.1,0.0,,8.7,,1.5,55.1,Clear,08/29/2019,1.0
241,,30308, USA,2019-08-30,88.5,62.1,75.5,,87.1,0.0,,8.4,,3.9,58.35,Clear,08/30/2019,1.0
242,,30308, USA,2019-08-31,89.0,66.0,77.5,,89.6,0.0,,9.8,,31.2,61.51,Partially cloudy,08/31/2019,2.0
243,,30308, USA,2019-09-01,86.9,70.0,78.6,,89.5,0.0,,10.3,,42.5,66.81,Partially cloudy,09/01/2019,2.0
244,,30308, USA,2019-09-02,91.7,68.5,79.9,,92.3,0.0,,10.9,,11.3,60.42,Clear,09/02/2019,
245,,30308, USA,2019-09-03,92.6,69.5,80.8,,92.8,0.0,,8.5,,16.2,60.48,Clear,09/03/2019,2.0
246,,30308, USA,2019-09-04,95.8,70.5,82.9,,97.0,0.0,,12.8,29.8,7.4,58.05,Clear,09/04/2019,1.0
247,,30308, USA,2019-09-05,93.2,74.8,82.8,,93.0,0.0,,15.7,29.8,14.1,53.07,Clear,09/05/2019,
248,,30308, USA,2019-09-06,93.1,67.4,79.6,,89.2,0.0,,14.0,,0.0,51.25,Clear,09/06/2019,1.0
249,,30308, USA,2019-09-07,94.6,68.8,81.8,,97.6,0.0,,12.0,,13.3,57.75,Clear,09/07/2019,1.0
250,,30308, USA,2019-09-08,94.9,65.5,80.6,,93.6,0.0,,7.7,,6.1,51.74,Clear,09/08/2019,
251,,30308, USA,2019-09-09,97.1,68.2,82.7,,96.3,0.0,,6.7,,6.2,51.71,Clear,09/09/2019,3.0
252,,30308, USA,2019-09-10,95.3,72.8,80.8,,98.4,0.6,,17.1,45.9,26.6,67.91,"Rain, Partially cloudy",09/10/2019,
253,,30308, USA,2019-09-11,93.1,70.3,80.8,,95.6,0.0,,5.2,,12.7,66.44,Clear,09/11/2019,1.0
254,,30308, USA,2019-09-12,96.0,70.5,82.4,,96.5,0.0,,7.7,,10.9,60.07,Clear,09/12/2019,1.0
255,,30308, USA,2019-09-13,94.9,70.1,82.3,,96.7,0.2,,16.0,32.7,22.7,59.56,"Rain, Clear",09/13/2019,
256,,30308, USA,2019-09-14,85.1,71.8,77.6,,88.1,0.3,,9.6,33.4,59.7,75.38,"Rain, Partially cloudy",09/14/2019,
257,,30308, USA,2019-09-15,91.2,69.7,79.1,,94.3,0.0,,7.6,,24.5,69.03,Clear,09/15/2019,3.0
258,,30308, USA,2019-09-16,94.6,70.2,81.2,,94.6,0.0,,8.5,,8.6,62.65,Clear,09/16/2019,
259,,30308, USA,2019-09-17,95.3,68.8,81.7,,97.0,0.0,,10.4,29.8,19.7,59.8,Clear,09/17/2019,
260,,30308, USA,2019-09-18,84.4,72.4,77.8,,87.6,0.0,,15.6,,30.6,67.66,Partially cloudy,09/18/2019,2.0
261,,30308, USA,2019-09-19,80.5,68.7,73.6,,80.5,0.0,,10.5,,47.5,55.11,Partially cloudy,09/19/2019,
262,,30308, USA,2019-09-20,81.6,61.0,71.0,,80.7,0.0,,9.5,,6.1,54.63,Clear,09/20/2019,1.0
263,,30308, USA,2019-09-21,86.0,59.2,72.3,,84.3,0.0,,6.1,,8.3,59.14,Clear,09/21/2019,
264,,30308, USA,2019-09-22,86.6,59.0,72.5,,84.5,0.0,,7.9,,3.4,60.94,Clear,09/22/2019,
265,,30308, USA,2019-09-23,89.2,59.6,74.6,,87.9,0.0,,6.7,,6.5,58.66,Clear,09/23/2019,3.0
266,,30308, USA,2019-09-24,90.4,71.0,79.6,,90.2,0.0,,10.5,,32.5,57.67,Partially cloudy,09/24/2019,1.0
267,,30308, USA,2019-09-25,90.0,61.2,75.7,,89.8,0.0,,9.5,,7.9,57.45,Clear,09/25/2019,
268,,30308, USA,2019-09-26,92.2,69.2,79.9,,94.1,0.0,,10.3,35.6,30.0,63.24,Partially cloudy,09/26/2019,
269,,30308, USA,2019-09-27,93.5,69.9,81.4,,95.0,0.0,,6.4,,24.2,61.17,Clear,09/27/2019,1.0
270,,30308, USA,2019-09-28,89.9,72.4,80.4,,94.9,0.0,,10.4,41.4,30.7,68.79,Partially cloudy,09/28/2019,
271,,30308, USA,2019-09-29,91.7,71.1,80.2,,93.8,0.1,,5.0,,15.4,68.59,"Rain, Clear",09/29/2019,
272,,30308, USA,2019-09-30,94.3,69.7,81.4,,95.3,0.0,,5.1,,7.3,62.48,Clear,09/30/2019,1.0
273,,30308, USA,2019-10-01,92.8,72.0,81.7,,95.9,0.0,,5.7,,17.7,63.88,Clear,10/01/2019,3.0
274,,30308, USA,2019-10-02,94.3,71.0,82.0,,97.1,0.0,,6.5,,8.7,63.49,Clear,10/02/2019,
275,,30308, USA,2019-10-03,96.2,71.1,83.3,,97.3,0.0,,6.8,,11.0,59.46,Clear,10/03/2019,3.0
276,,30308, USA,2019-10-04,96.0,69.0,82.4,,95.3,0.0,,8.3,,12.6,54.67,Clear,10/04/2019,1.0
277,,30308, USA,2019-10-05,79.5,66.3,74.6,,,0.0,,17.7,32.2,59.1,67.63,Partially cloudy,10/05/2019,1.0
278,,30308, USA,2019-10-06,77.6,61.7,68.3,,,0.0,,12.6,,81.9,76.65,Overcast,10/06/2019,
279,,30308, USA,2019-10-07,79.9,65.1,72.1,,,0.0,,6.8,,62.1,72.69,Partially cloudy,10/07/2019,2.0
280,,30308, USA,2019-10-08,81.0,64.5,71.1,,81.9,0.0,,7.4,,61.1,75.18,Partially cloudy,10/08/2019,
281,,30308, USA,2019-10-09,74.8,64.3,68.2,,,0.0,,10.1,,70.8,74.65,Partially cloudy,10/09/2019,4.0
282,,30308, USA,2019-10-10,77.3,60.2,66.7,,,0.0,,9.1,,38.1,74.85,Partially cloudy,10/10/2019,2.0
283,,30308, USA,2019-10-11,79.0,56.7,67.2,,,0.0,,5.2,,14.7,67.24,Clear,10/11/2019,1.0
284,,30308, USA,2019-10-12,78.6,58.0,68.4,,,0.0,,10.6,,54.3,65.87,Partially cloudy,10/12/2019,
285,,30308, USA,2019-10-13,65.1,59.3,62.3,,,0.2,,7.7,,91.4,88.15,"Rain, Overcast",10/13/2019,2.0
286,,30308, USA,2019-10-14,76.6,51.8,63.8,,,0.0,,7.6,,25.3,67.25,Partially cloudy,10/14/2019,2.0
287,,30308, USA,2019-10-15,70.9,63.0,65.3,,,0.2,,6.9,,95.9,82.51,"Rain, Overcast",10/15/2019,
288,,30308, USA,2019-10-16,71.3,55.7,63.9,,,0.4,,17.5,34.4,70.9,77.59,"Rain, Partially cloudy",10/16/2019,3.0
289,,30308, USA,2019-10-17,66.0,44.8,54.3,41.5,,0.0,,13.3,,12.6,56.96,Clear,10/17/2019,
290,,30308, USA,2019-10-18,66.0,42.8,54.7,41.2,,0.0,,8.5,,21.6,62.94,Clear,10/18/2019,2.0
291,,30308, USA,2019-10-19,59.3,52.3,55.2,,,1.2,,14.3,29.8,81.2,80.52,"Rain, Overcast",10/19/2019,1.0
292,,30308, USA,2019-10-20,71.5,55.7,62.2,,,0.0,,11.4,,67.6,84.96,Partially cloudy,10/20/2019,
293,,30308, USA,2019-10-21,75.2,54.8,65.2,,,0.0,,9.9,,33.8,81.81,Partially cloudy,10/21/2019,
294,,30308, USA,2019-10-22,71.2,55.2,64.8,,,0.3,,17.0,34.4,47.4,63.79,"Rain, Partially cloudy",10/22/2019,1.0
295,,30308, USA,2019-10-23,67.6,44.2,55.4,47.0,,0.0,,8.4,,6.1,56.7,Clear,10/23/2019,
296,,30308, USA,2019-10-24,69.5,44.0,56.7,43.0,,0.0,,9.2,,10.5,61.57,Clear,10/24/2019,1.0
297,,30308, USA,2019-10-25,69.8,60.2,64.3,,,0.0,,9.3,,89.1,70.73,Overcast,10/25/2019,
298,,30308, USA,2019-10-26,74.1,66.2,69.3,,,0.1,,11.5,,95.1,88.44,"Rain, Overcast",10/26/2019,1.0
299,,30308, USA,2019-10-27,72.7,56.3,64.1,,,0.1,,12.9,,32.9,77.91,"Rain, Partially cloudy",10/27/2019,1.0
300,,30308, USA,2019-10-28,75.0,49.2,59.4,,,0.0,,6.3,,15.8,81.28,Clear,10/28/2019,1.0
301,,30308, USA,2019-10-29,71.7,54.1,63.0,,,0.0,,6.0,,70.3,82.5,Partially cloudy,10/29/2019,
302,,30308, USA,2019-10-30,72.3,65.3,68.6,,,1.2,,10.6,,97.7,95.0,"Rain, Overcast",10/30/2019,1.0
303,,30308, USA,2019-10-31,74.8,38.6,61.8,29.6,,0.4,,18.0,38.2,92.7,85.78,"Rain, Overcast",10/31/2019,1.0
304,,30308, USA,2019-11-01,56.6,34.0,43.2,25.8,,0.0,,15.5,36.7,8.4,64.93,Clear,11/01/2019,
305,,30308, USA,2019-11-02,58.3,35.2,45.3,43.7,,0.0,,15.7,,8.8,68.63,Clear,11/02/2019,1.0
306,,30308, USA,2019-11-03,60.7,33.9,46.3,33.4,,0.0,,5.9,,6.0,63.13,Clear,11/03/2019,
307,,30308, USA,2019-11-04,60.5,37.9,49.7,44.0,,0.0,,8.4,,52.8,65.73,Partially cloudy,11/04/2019,1.0
308,,30308, USA,2019-11-05,68.7,51.2,57.9,,,0.0,,9.2,,60.8,65.39,Partially cloudy,11/05/2019,
309,,30308, USA,2019-11-06,70.3,43.5,56.2,42.2,,0.0,,8.5,,4.1,68.61,Clear,11/06/2019,2.0
310,,30308, USA,2019-11-07,66.8,52.6,59.8,,,0.6,,12.8,30.7,93.7,79.51,"Rain, Overcast",11/07/2019,
311,,30308, USA,2019-11-08,56.8,37.3,47.7,34.6,,0.0,,14.0,,43.1,71.78,Partially cloudy,11/08/2019,1.0
312,,30308, USA,2019-11-09,54.0,34.5,42.6,29.6,,0.0,,7.8,,4.5,64.39,Clear,11/09/2019,2.0
313,,30308, USA,2019-11-10,64.2,34.2,47.8,,,0.0,,7.6,,5.6,70.53,Clear,11/10/2019,
314,,30308, USA,2019-11-11,66.3,39.5,52.6,,,0.0,,9.4,,29.2,71.67,Partially cloudy,11/11/2019,
315,,30308, USA,2019-11-12,55.6,25.9,39.7,15.9,,0.4,,21.6,39.1,66.8,77.67,"Rain, Partially cloudy",11/12/2019,1.0
316,,30308, USA,2019-11-13,46.2,22.3,33.7,15.9,,0.0,,9.6,,6.8,54.19,Clear,11/13/2019,
317,,30308, USA,2019-11-14,43.3,33.6,39.4,26.7,,0.1,,8.9,,86.6,61.29,"Rain, Overcast",11/14/2019,1.0
318,,30308, USA,2019-11-15,47.8,42.0,45.1,37.4,,0.5,,11.5,,99.5,91.24,"Rain, Overcast",11/15/2019,1.0
319,,30308, USA,2019-11-16,63.6,40.1,49.6,35.4,,0.0,,10.5,,63.4,63.41,Partially cloudy,11/16/2019,
320,,30308, USA,2019-11-17,64.4,42.4,53.3,41.4,,0.0,,4.2,,79.9,66.94,Overcast,11/17/2019,
321,,30308, USA,2019-11-18,61.9,47.1,54.0,44.5,,0.0,,8.6,,45.1,66.03,Partially cloudy,11/18/2019,
322,,30308, USA,2019-11-19,61.9,44.0,50.7,40.1,,0.0,,9.3,,32.6,61.96,Partially cloudy,11/19/2019,1.0
323,,30308, USA,2019-11-20,63.2,42.3,50.7,39.7,,0.0,,10.1,,7.0,60.52,Clear,11/20/2019,1.0
324,,30308, USA,2019-11-21,64.8,40.0,52.2,,,0.0,,8.2,,18.9,64.35,Clear,11/21/2019,2.0
325,,30308, USA,2019-11-22,64.9,46.0,56.4,,,0.0,,9.0,,68.4,76.93,Partially cloudy,11/22/2019,
326,,30308, USA,2019-11-23,65.1,47.2,59.2,40.7,,0.8,,19.2,34.4,86.1,86.62,"Rain, Overcast",11/23/2019,
327,,30308, USA,2019-11-24,52.6,39.4,46.1,36.0,,0.0,,15.4,35.6,27.9,68.57,Partially cloudy,11/24/2019,
328,,30308, USA,2019-11-25,62.2,33.9,45.8,39.1,,0.0,,5.8,,5.5,71.68,Clear,11/25/2019,2.0
329,,30308, USA,2019-11-26,64.7,35.4,50.7,,,0.0,,9.0,,19.8,70.99,Clear,11/26/2019,2.0
330,,30308, USA,2019-11-27,74.1,52.3,63.0,,,0.2,,13.3,34.4,57.4,60.58,"Rain, Partially cloudy",11/27/2019,
331,,30308, USA,2019-11-28,61.2,43.3,51.5,37.9,,0.0,,13.7,,12.6,44.5,Clear,11/28/2019,
332,,30308, USA,2019-11-29,66.7,48.0,55.9,47.4,,0.0,,7.2,,74.5,50.32,Partially cloudy,11/29/2019,
333,,30308, USA,2019-11-30,73.3,49.9,61.1,,,0.0,,11.2,,61.8,60.97,Partially cloudy,11/30/2019,1.0
334,,30308, USA,2019-12-01,66.0,48.5,60.9,43.0,,0.0,,20.6,38.1,45.4,51.21,Partially cloudy,12/01/2019,1.0
335,,30308, USA,2019-12-02,47.6,37.7,41.4,29.1,,0.0,,18.2,32.9,92.7,54.79,Overcast,12/02/2019,2.0
336,,30308, USA,2019-12-03,45.9,35.0,39.3,26.1,,0.0,,15.6,,51.5,63.65,Partially cloudy,12/03/2019,2.0
337,,30308, USA,2019-12-04,58.9,34.3,45.5,29.3,,0.0,,14.5,,5.9,56.93,Clear,12/04/2019,1.0
338,,30308, USA,2019-12-05,63.7,37.6,49.7,34.3,,0.0,,7.6,,12.8,48.39,Clear,12/05/2019,2.0
339,,30308, USA,2019-12-06,58.4,43.3,50.2,,,0.0,,6.7,,78.5,58.95,Overcast,12/06/2019,1.0
340,,30308, USA,2019-12-07,61.5,44.9,53.5,,,0.0,,7.1,,89.5,62.9,Overcast,12/07/2019,
341,,30308, USA,2019-12-08,55.8,45.9,51.1,41.0,,0.0,,11.8,,85.4,58.66,Overcast,12/08/2019,
342,,30308, USA,2019-12-09,55.4,46.7,50.9,44.2,,0.0,,8.9,,98.5,70.15,Overcast,12/09/2019,
343,,30308, USA,2019-12-10,66.5,39.8,54.5,32.7,,0.2,,18.1,33.1,81.8,83.58,"Rain, Overcast",12/10/2019,
344,,30308, USA,2019-12-11,51.6,34.3,40.1,27.3,,0.0,,13.3,,29.8,62.59,Partially cloudy,12/11/2019,
345,,30308, USA,2019-12-12,51.1,31.0,40.6,26.8,,0.1,,14.7,,31.7,60.71,"Rain, Partially cloudy",12/12/2019,1.0
346,,30308, USA,2019-12-13,43.6,36.9,40.1,29.3,,1.7,,12.3,,83.0,92.42,"Rain, Overcast",12/13/2019,2.0
347,,30308, USA,2019-12-14,53.2,41.3,46.2,39.9,,0.1,,14.1,,59.8,80.7,"Rain, Partially cloudy",12/14/2019,3.0
348,,30308, USA,2019-12-15,56.5,38.9,48.2,45.5,,0.0,,8.9,,48.7,81.86,Partially cloudy,12/15/2019,
349,,30308, USA,2019-12-16,69.5,54.1,60.3,,,0.0,,11.3,,83.4,74.66,Overcast,12/16/2019,
350,,30308, USA,2019-12-17,63.3,39.2,52.3,31.1,,0.5,,18.9,34.0,94.7,84.67,"Rain, Overcast",12/17/2019,2.0
351,,30308, USA,2019-12-18,47.4,30.5,37.7,21.7,,0.0,,17.3,32.2,3.3,55.53,Clear,12/18/2019,
352,,30308, USA,2019-12-19,52.1,28.2,38.4,23.5,,0.0,,7.6,,0.9,57.28,Clear,12/19/2019,1.0
353,,30308, USA,2019-12-20,55.0,28.2,41.4,42.7,,0.0,,6.9,,16.0,54.65,Clear,12/20/2019,
354,,30308, USA,2019-12-21,47.4,43.1,45.3,39.5,,0.1,,9.3,,87.5,58.79,"Rain, Overcast",12/21/2019,
355,,30308, USA,2019-12-22,46.7,40.9,43.0,33.7,,1.3,,18.0,39.1,99.8,82.23,"Rain, Overcast",12/22/2019,
356,,30308, USA,2019-12-23,56.6,46.5,51.9,40.3,,0.6,,16.7,36.7,100.0,90.65,"Rain, Overcast",12/23/2019,1.0
357,,30308, USA,2019-12-24,70.1,48.5,58.6,,,0.0,,10.5,,40.8,77.9,Partially cloudy,12/24/2019,2.0
358,,30308, USA,2019-12-25,64.0,40.7,51.0,38.6,,0.0,,8.4,,17.6,69.96,Clear,12/25/2019,
359,,30308, USA,2019-12-26,64.5,36.3,49.8,,,0.0,,3.7,,21.5,73.22,Clear,12/26/2019,
360,,30308, USA,2019-12-27,63.7,49.4,57.0,,,0.0,,5.9,,90.8,71.31,Overcast,12/27/2019,
361,,30308, USA,2019-12-28,67.6,52.7,59.8,,,0.0,,8.0,,84.0,85.41,Overcast,12/28/2019,1.0
362,,30308, USA,2019-12-29,69.4,61.6,66.1,,,0.1,,13.3,,96.3,90.3,"Rain, Overcast",12/29/2019,1.0
363,,30308, USA,2019-12-30,68.8,47.1,56.5,42.7,,0.1,,19.5,39.3,29.6,60.26,"Rain, Partially cloudy",12/30/2019,1.0
364,,30308, USA,2019-12-31,53.7,38.7,45.7,33.3,,0.0,,17.7,30.3,0.6,55.2,Clear,12/31/2019,
