,Location,Address,Country,Date,Maximum Temperature,Minimum Temperature,Temperature,Wind Chill,Heat Index,Precipitation,Snow Depth,Wind Speed,Wind Gust,Cloud Cover,Relative Humidity,Conditions,Severity_1,Severity_2,Severity_3,Severity_4,Residential_ct,Interstate_ct,Accident_ct,Zipcode
0,,30339, USA,01/01/2019,64.6,55.1,60.2,,,0.2,,6.2,,46.4,91.27,"Rain, Partially cloudy",0,1,0,0,0,1,1,30339
1,,30339, USA,01/02/2019,57.1,47.2,51.5,46.9,,0.3,,7.7,,71.0,92.69,"Rain, Partially cloudy",0,0,0,0,0,0,0,30339
2,,30339, USA,01/03/2019,54.1,49.9,51.9,,,0.4,,9.9,,99.5,96.98,"Rain, Overcast",0,0,2,0,0,2,2,30339
3,,30339, USA,01/04/2019,63.5,44.7,53.7,39.3,,0.9,,18.1,33.1,85.4,89.3,"Rain, Overcast",0,0,1,0,0,1,1,30339
4,,30339, USA,01/05/2019,57.4,42.9,48.1,35.6,,0.0,,17.6,31.1,41.9,66.47,Partially cloudy,0,0,0,0,0,0,0,30339
5,,30339, USA,01/06/2019,67.6,40.4,51.9,36.2,,0.0,,8.8,,16.6,63.79,Clear,0,0,1,0,0,1,1,30339
6,,30339, USA,01/07/2019,68.0,38.2,52.6,,,0.0,,10.3,,42.1,68.39,Partially cloudy,0,0,5,0,1,4,5,30339
7,,30339, USA,01/08/2019,64.7,48.0,55.5,,,0.0,,12.5,,63.1,79.22,Partially cloudy,0,1,0,0,0,1,1,30339
8,,30339, USA,01/09/2019,55.7,39.0,46.3,30.3,,0.0,,19.8,34.4,0.0,38.2,Clear,0,1,2,0,0,3,3,30339
9,,30339, USA,01/10/2019,44.2,28.3,35.6,17.9,,0.0,,17.1,32.2,22.2,49.77,Clear,0,0,2,0,0,2,2,30339
10,,30339, USA,01/11/2019,53.0,26.6,39.6,29.6,,0.0,,8.9,,23.4,50.33,Clear,0,0,1,0,0,1,1,30339
11,,30339, USA,01/12/2019,42.6,36.1,40.1,27.9,,0.3,,13.0,,91.8,60.13,"Rain, Overcast",0,0,1,0,0,1,1,30339
12,,30339, USA,01/13/2019,45.0,34.9,39.4,28.1,,0.2,,9.5,,100.0,92.94,"Rain, Overcast",0,0,0,0,0,0,0,30339
13,,30339, USA,01/14/2019,44.2,39.0,42.5,32.4,,0.0,,11.0,,100.0,80.39,Overcast,0,3,2,0,0,5,5,30339
14,,30339, USA,01/15/2019,44.2,32.7,37.3,26.2,,0.0,,13.4,,65.7,72.31,Partially cloudy,0,1,2,1,0,4,4,30339
15,,30339, USA,01/16/2019,51.2,29.2,37.7,22.6,,0.0,,9.6,,24.1,76.32,Clear,0,5,1,0,0,6,6,30339
16,,30339, USA,01/17/2019,46.7,31.1,39.4,28.7,,0.1,,4.7,,61.9,90.62,"Rain, Partially cloudy",0,2,0,0,0,2,2,30339
17,,30339, USA,01/18/2019,56.5,45.0,49.2,47.7,,0.0,,3.8,,68.0,94.45,Partially cloudy,0,0,2,0,1,1,2,30339
18,,30339, USA,01/19/2019,61.9,46.7,54.9,47.6,,0.9,,17.7,,79.5,95.79,"Rain, Overcast",0,0,0,1,0,1,1,30339
19,,30339, USA,01/20/2019,51.9,27.9,34.8,16.6,,0.0,,22.4,37.8,59.7,66.23,Partially cloudy,0,0,0,0,0,0,0,30339
20,,30339, USA,01/21/2019,42.0,20.2,29.8,10.0,,0.0,,16.6,,21.9,44.88,Clear,0,0,0,0,0,0,0,30339
21,,30339, USA,01/22/2019,43.3,29.5,36.8,20.0,,0.0,,13.4,,60.8,36.66,Partially cloudy,0,1,0,0,1,0,1,30339
22,,30339, USA,01/23/2019,66.5,41.3,51.6,34.7,,1.5,,19.0,31.1,96.3,70.81,"Rain, Overcast",0,0,1,0,0,1,1,30339
23,,30339, USA,01/24/2019,53.3,33.6,41.4,26.3,,0.5,,19.5,37.8,63.1,81.43,"Rain, Partially cloudy",0,3,4,0,0,7,7,30339
24,,30339, USA,01/25/2019,45.8,29.4,36.2,22.4,,0.0,,13.6,,18.8,59.6,Clear,0,0,2,0,0,2,2,30339
25,,30339, USA,01/26/2019,50.0,24.7,35.9,20.7,,0.0,,12.4,,11.6,62.13,Clear,0,0,0,0,0,0,0,30339
26,,30339, USA,01/27/2019,50.7,28.7,38.6,45.9,,0.0,,4.9,,49.9,74.83,Partially cloudy,0,0,0,0,0,0,0,30339
27,,30339, USA,01/28/2019,57.6,28.1,43.0,43.1,,0.0,,12.2,,50.0,68.8,Partially cloudy,0,1,0,0,0,1,1,30339
28,,30339, USA,01/29/2019,49.9,27.0,39.8,17.9,,0.1,,17.8,29.8,63.4,63.28,"Rain, Partially cloudy",0,0,1,0,0,1,1,30339
29,,30339, USA,01/30/2019,41.6,20.4,30.6,14.0,,0.0,,17.1,29.8,32.4,49.47,Partially cloudy,0,0,0,0,0,0,0,30339
30,,30339, USA,01/31/2019,50.3,25.6,36.2,41.1,,0.0,,7.8,,21.1,51.52,Clear,0,0,0,0,0,0,0,30339
31,,30339, USA,02/01/2019,60.8,27.5,42.1,39.2,,0.0,,5.9,,26.9,56.68,Partially cloudy,0,0,3,0,0,3,3,30339
32,,30339, USA,02/02/2019,65.6,32.5,49.9,,,0.0,,7.4,,50.2,63.4,Partially cloudy,0,0,0,0,0,0,0,30339
33,,30339, USA,02/03/2019,63.0,44.9,54.7,,,0.0,,6.2,,75.3,73.17,Overcast,0,0,0,0,0,0,0,30339
34,,30339, USA,02/04/2019,64.9,38.4,51.4,,,0.0,,6.6,,58.6,83.64,Partially cloudy,0,0,0,1,1,0,1,30339
35,,30339, USA,02/05/2019,71.5,54.0,61.1,,,0.0,,5.9,,82.8,84.36,Overcast,0,0,1,1,0,2,2,30339
36,,30339, USA,02/06/2019,69.6,55.0,63.0,,,0.0,,9.2,,84.8,91.89,Overcast,0,1,3,0,0,4,4,30339
37,,30339, USA,02/07/2019,79.6,63.5,69.7,,,0.0,,15.9,31.1,66.6,72.18,Partially cloudy,0,5,1,0,0,6,6,30339
38,,30339, USA,02/08/2019,67.8,40.8,52.2,35.3,,0.0,,18.0,32.2,76.0,55.15,Overcast,0,0,0,0,0,0,0,30339
39,,30339, USA,02/09/2019,54.3,36.3,44.1,30.6,,0.0,,13.2,,77.5,41.06,Overcast,0,0,4,0,0,4,4,30339
40,,30339, USA,02/10/2019,45.5,36.1,40.0,28.0,,0.1,,12.3,,84.2,64.03,"Rain, Overcast",0,0,0,0,0,0,0,30339
41,,30339, USA,02/11/2019,54.3,36.9,45.1,31.2,,0.2,,7.7,,80.6,96.94,"Rain, Overcast",0,1,1,0,1,1,2,30339
42,,30339, USA,02/12/2019,67.2,48.4,56.8,42.2,,1.0,,17.5,35.6,82.5,92.79,"Rain, Overcast",0,3,4,0,2,5,7,30339
43,,30339, USA,02/13/2019,54.7,35.4,44.1,28.7,,0.0,,15.6,32.2,17.7,48.46,Clear,0,0,0,0,0,0,0,30339
44,,30339, USA,02/14/2019,63.9,30.1,47.6,,,0.0,,11.8,,35.5,52.82,Partially cloudy,0,0,3,0,0,3,3,30339
45,,30339, USA,02/15/2019,59.4,49.6,54.8,47.4,,0.2,,8.3,,84.3,80.14,"Rain, Overcast",0,0,5,0,0,5,5,30339
46,,30339, USA,02/16/2019,60.1,46.6,53.4,45.3,,0.1,,11.8,,89.0,89.92,"Rain, Overcast",0,0,1,0,0,1,1,30339
47,,30339, USA,02/17/2019,50.2,44.8,47.5,41.9,,0.2,,9.7,,82.4,93.72,"Rain, Overcast",0,0,0,3,0,3,3,30339
48,,30339, USA,02/18/2019,56.8,44.5,48.4,39.5,,0.1,,13.5,,79.6,70.32,"Rain, Overcast",0,0,2,0,0,2,2,30339
49,,30339, USA,02/19/2019,45.4,37.4,40.6,28.8,,1.4,,16.5,,98.8,84.4,"Rain, Overcast",0,0,1,0,0,1,1,30339
50,,30339, USA,02/20/2019,43.0,38.1,40.7,29.6,,0.5,,16.8,,97.2,96.34,"Rain, Overcast",0,1,1,0,0,2,2,30339
51,,30339, USA,02/21/2019,58.8,42.0,50.1,38.2,,0.8,,7.6,,86.8,97.92,"Rain, Overcast",0,2,0,0,0,2,2,30339
52,,30339, USA,02/22/2019,56.0,50.5,52.7,,,0.1,,11.7,,82.7,98.51,"Rain, Overcast",0,0,2,0,0,2,2,30339
53,,30339, USA,02/23/2019,49.9,46.7,48.5,41.9,,0.0,,12.2,,100.0,98.33,Overcast,0,0,0,0,0,0,0,30339
54,,30339, USA,02/24/2019,61.7,46.7,54.6,42.9,,0.3,,27.2,36.0,57.5,61.59,"Rain, Partially cloudy",0,0,0,8,0,8,8,30339
55,,30339, USA,02/25/2019,60.0,38.6,48.5,31.6,,0.0,,12.1,,35.2,34.41,Partially cloudy,0,1,1,0,0,2,2,30339
56,,30339, USA,02/26/2019,65.1,39.6,53.5,48.1,,0.0,,7.4,,76.4,58.93,Overcast,0,2,0,0,0,2,2,30339
57,,30339, USA,02/27/2019,66.4,53.9,59.1,,,0.1,,4.5,,77.2,81.61,"Rain, Overcast",0,1,1,0,1,1,2,30339
58,,30339, USA,02/28/2019,62.3,52.9,57.9,,,0.3,,6.7,,66.5,94.84,"Rain, Partially cloudy",0,0,1,0,0,1,1,30339
59,,30339, USA,03/01/2019,67.8,58.3,61.8,,,0.0,,12.9,,96.8,88.54,Overcast,0,0,1,0,0,1,1,30339
60,,30339, USA,03/02/2019,65.1,49.6,57.1,46.1,,0.0,,9.0,,90.4,75.22,Overcast,0,0,0,0,0,0,0,30339
61,,30339, USA,03/03/2019,59.0,42.8,53.7,36.8,,1.3,,15.4,29.8,92.3,85.82,"Rain, Overcast",0,0,2,0,0,2,2,30339
62,,30339, USA,03/04/2019,41.0,33.4,37.1,23.8,,0.0,,17.2,31.1,87.7,67.49,Overcast,0,0,0,0,0,0,0,30339
63,,30339, USA,03/05/2019,43.7,25.5,33.7,14.0,,0.0,,17.5,29.8,14.9,42.4,Clear,0,1,0,0,0,1,1,30339
64,,30339, USA,03/06/2019,44.4,25.7,34.5,15.5,,0.0,,13.3,,6.4,37.86,Clear,0,0,1,0,0,1,1,30339
65,,30339, USA,03/07/2019,57.9,28.7,43.8,24.5,,0.0,,7.5,,52.0,36.3,Partially cloudy,0,0,0,0,0,0,0,30339
66,,30339, USA,03/08/2019,66.4,48.1,55.3,45.6,,0.1,,11.3,,93.9,49.16,"Rain, Overcast",0,0,0,0,0,0,0,30339
67,,30339, USA,03/09/2019,68.4,47.1,55.8,43.4,,0.0,,10.5,,85.7,80.96,Overcast,0,0,0,0,0,0,0,30339
68,,30339, USA,03/10/2019,68.2,53.6,61.6,,,0.1,,8.9,,85.9,72.81,"Rain, Overcast",0,0,0,0,0,0,0,30339
69,,30339, USA,03/11/2019,63.9,51.2,56.0,,,0.0,,10.0,,68.7,74.15,Partially cloudy,0,0,0,0,0,0,0,30339
70,,30339, USA,03/12/2019,70.9,43.1,56.9,44.0,,0.0,,8.6,,39.1,59.92,Partially cloudy,0,0,1,0,0,1,1,30339
71,,30339, USA,03/13/2019,68.3,51.2,59.7,,,0.0,,14.6,,5.2,50.36,Clear,0,2,1,0,1,2,3,30339
72,,30339, USA,03/14/2019,74.5,57.2,65.1,,,0.0,,15.5,29.8,83.8,72.14,Overcast,0,1,3,0,0,4,4,30339
73,,30339, USA,03/15/2019,70.0,52.6,61.4,,,0.8,,13.9,,76.4,75.81,"Rain, Overcast",0,4,2,0,0,6,6,30339
74,,30339, USA,03/16/2019,51.8,41.4,46.9,36.4,,0.0,,17.9,,43.8,46.0,Partially cloudy,0,0,0,0,0,0,0,30339
75,,30339, USA,03/17/2019,63.1,40.5,50.4,38.3,,0.0,,13.0,,36.3,36.51,Partially cloudy,0,0,0,0,0,0,0,30339
76,,30339, USA,03/18/2019,58.3,41.2,49.0,37.1,,0.0,,17.5,,33.3,37.42,Partially cloudy,0,0,2,0,0,2,2,30339
77,,30339, USA,03/19/2019,57.4,33.6,46.1,33.5,,0.0,,12.9,,24.4,38.71,Clear,0,0,1,0,0,1,1,30339
78,,30339, USA,03/20/2019,61.9,32.8,47.3,43.7,,0.0,,8.7,,0.0,49.74,Clear,0,0,0,0,0,0,0,30339
79,,30339, USA,03/21/2019,59.1,41.3,51.3,45.6,,0.0,,20.3,35.6,52.2,54.73,Partially cloudy,0,1,1,0,0,2,2,30339
80,,30339, USA,03/22/2019,65.2,39.7,51.6,33.8,,0.0,,19.5,36.7,1.7,46.26,Clear,0,0,2,0,1,1,2,30339
81,,30339, USA,03/23/2019,70.4,41.5,56.1,37.7,,0.0,,10.8,,27.7,35.95,Partially cloudy,0,0,2,0,0,2,2,30339
82,,30339, USA,03/24/2019,73.7,38.4,57.1,,,0.0,,13.8,,34.4,47.3,Partially cloudy,0,0,0,0,0,0,0,30339
83,,30339, USA,03/25/2019,66.8,51.6,58.4,,,0.3,,8.7,,70.2,71.5,"Rain, Partially cloudy",0,0,1,0,0,1,1,30339
84,,30339, USA,03/26/2019,62.1,48.6,54.9,44.3,,0.3,,13.1,,82.6,75.85,"Rain, Overcast",0,2,1,0,1,2,3,30339
85,,30339, USA,03/27/2019,61.6,45.9,53.0,41.8,,0.1,,12.9,,32.3,58.03,"Rain, Partially cloudy",0,1,0,0,0,1,1,30339
86,,30339, USA,03/28/2019,68.2,37.3,52.3,40.7,,0.0,,9.2,,21.3,49.98,Clear,0,0,0,0,0,0,0,30339
87,,30339, USA,03/29/2019,72.2,43.0,57.8,,,0.0,,8.2,,29.2,55.67,Partially cloudy,0,0,2,0,0,2,2,30339
88,,30339, USA,03/30/2019,75.6,52.8,64.2,,,0.0,,15.1,,45.5,56.72,Partially cloudy,0,0,1,0,0,1,1,30339
89,,30339, USA,03/31/2019,68.9,42.2,51.6,34.3,,0.1,,18.3,34.4,70.6,61.57,"Rain, Partially cloudy",0,0,3,0,0,3,3,30339
90,,30339, USA,04/01/2019,61.5,32.6,48.5,31.2,,0.0,,10.8,,19.1,38.96,Clear,0,0,0,0,0,0,0,30339
91,,30339, USA,04/02/2019,61.4,45.9,52.4,41.6,,0.0,,10.0,,52.5,40.56,Partially cloudy,0,1,3,0,0,4,4,30339
92,,30339, USA,04/03/2019,72.4,37.3,55.2,,,0.0,,6.0,,37.1,51.39,Partially cloudy,0,0,0,0,0,0,0,30339
93,,30339, USA,04/04/2019,69.1,44.3,58.8,,,0.1,,15.2,,48.3,55.28,"Rain, Partially cloudy",0,1,1,0,0,2,2,30339
94,,30339, USA,04/05/2019,73.2,54.2,62.5,,,0.3,,10.8,,89.7,83.0,"Rain, Overcast",0,1,2,0,0,3,3,30339
95,,30339, USA,04/06/2019,72.9,57.7,64.2,,,0.0,,8.6,,85.3,80.75,Overcast,0,0,5,0,0,5,5,30339
96,,30339, USA,04/07/2019,79.1,60.3,68.9,,,1.0,,10.5,,62.5,79.35,"Rain, Partially cloudy",0,0,2,0,0,2,2,30339
97,,30339, USA,04/08/2019,74.3,63.6,68.0,,,0.1,,10.6,,63.2,88.39,"Rain, Partially cloudy",0,0,1,0,0,1,1,30339
98,,30339, USA,04/09/2019,73.3,60.5,66.2,,,0.7,,9.1,,76.1,88.72,"Rain, Overcast",0,0,2,0,0,2,2,30339
99,,30339, USA,04/10/2019,81.7,53.5,67.8,,80.6,0.0,,6.7,,11.2,68.17,Clear,0,0,2,0,0,2,2,30339
100,,30339, USA,04/11/2019,81.1,58.4,70.2,,80.0,0.0,,18.0,,46.7,62.52,Partially cloudy,0,2,3,0,1,4,5,30339
101,,30339, USA,04/12/2019,77.5,65.7,71.1,,,0.0,,13.5,,75.6,71.94,Overcast,0,1,1,0,1,1,2,30339
102,,30339, USA,04/13/2019,81.1,60.4,70.0,,80.9,0.0,,13.0,,51.7,70.58,Partially cloudy,0,0,2,1,0,3,3,30339
103,,30339, USA,04/14/2019,77.7,56.4,69.8,,,1.4,,21.1,36.9,72.7,78.73,"Rain, Partially cloudy",0,0,0,0,0,0,0,30339
104,,30339, USA,04/15/2019,65.9,44.2,54.5,38.7,,0.0,,17.8,35.6,29.4,53.16,Partially cloudy,0,0,1,0,0,1,1,30339
105,,30339, USA,04/16/2019,75.6,42.3,59.3,,,0.0,,7.9,,16.9,54.79,Clear,0,0,2,0,1,1,2,30339
106,,30339, USA,04/17/2019,79.7,48.8,65.0,,,0.0,,8.1,,42.4,59.15,Partially cloudy,0,0,0,1,0,1,1,30339
107,,30339, USA,04/18/2019,78.9,61.0,70.1,,,0.0,,18.2,,56.2,64.0,Partially cloudy,0,0,0,0,0,0,0,30339
108,,30339, USA,04/19/2019,71.5,46.5,60.9,40.7,,4.4,,16.6,36.7,90.3,87.52,"Rain, Overcast",0,0,2,0,0,2,2,30339
109,,30339, USA,04/20/2019,49.0,42.8,46.0,37.3,,0.3,,17.0,29.8,94.3,85.35,"Rain, Overcast",0,0,0,0,0,0,0,30339
110,,30339, USA,04/21/2019,71.4,41.9,55.7,37.4,,0.0,,15.3,29.8,6.9,59.94,Clear,0,0,0,0,0,0,0,30339
111,,30339, USA,04/22/2019,80.6,44.0,62.0,,79.4,0.0,,7.2,,5.8,57.77,Clear,0,1,1,0,0,2,2,30339
112,,30339, USA,04/23/2019,82.0,51.8,67.7,,80.6,0.0,,10.4,,36.9,59.45,Partially cloudy,0,3,1,0,0,4,4,30339
113,,30339, USA,04/24/2019,82.8,59.9,70.8,,81.2,0.0,,11.9,,33.0,54.93,Partially cloudy,0,2,5,0,0,7,7,30339
114,,30339, USA,04/25/2019,74.3,59.8,66.3,,,0.0,,15.1,,57.4,72.64,Partially cloudy,0,1,1,0,1,1,2,30339
115,,30339, USA,04/26/2019,72.6,59.4,64.8,,,0.1,,20.7,39.6,55.2,62.19,"Rain, Partially cloudy",0,0,0,0,0,0,0,30339
116,,30339, USA,04/27/2019,77.5,46.0,63.8,43.4,,0.0,,11.7,,15.8,40.56,Clear,0,0,1,0,1,0,1,30339
117,,30339, USA,04/28/2019,81.2,57.8,69.1,,81.4,0.0,,12.8,,53.2,58.15,Partially cloudy,0,0,1,0,0,1,1,30339
118,,30339, USA,04/29/2019,84.4,59.5,71.9,,83.6,0.0,,8.9,,26.2,66.94,Partially cloudy,0,0,0,0,0,0,0,30339
119,,30339, USA,04/30/2019,84.9,58.6,72.9,,84.8,0.0,,9.7,,27.3,63.96,Partially cloudy,0,0,4,0,0,4,4,30339
120,,30339, USA,05/01/2019,82.2,66.3,73.9,,83.8,0.0,,9.6,,51.2,70.75,Partially cloudy,0,1,1,0,1,1,2,30339
121,,30339, USA,05/02/2019,82.7,65.1,74.2,,81.8,0.0,,10.1,,26.2,62.22,Partially cloudy,0,2,0,0,0,2,2,30339
122,,30339, USA,05/03/2019,82.7,65.0,73.5,,84.3,0.0,,8.4,,54.1,72.15,Partially cloudy,0,0,1,0,1,0,1,30339
123,,30339, USA,05/04/2019,80.2,66.2,71.9,,82.2,0.8,,15.4,,66.3,81.32,"Rain, Partially cloudy",0,0,0,0,0,0,0,30339
124,,30339, USA,05/05/2019,77.2,64.2,69.4,,,0.5,,14.7,,81.6,79.75,"Rain, Overcast",0,0,0,0,0,0,0,30339
125,,30339, USA,05/06/2019,80.2,57.0,68.3,,80.0,0.0,,7.4,,51.0,68.0,Partially cloudy,0,1,0,0,0,1,1,30339
126,,30339, USA,05/07/2019,81.9,57.4,70.9,,82.2,0.0,,11.0,,34.6,69.78,Partially cloudy,0,0,0,0,0,0,0,30339
127,,30339, USA,05/08/2019,83.5,63.5,73.3,,83.9,0.0,,13.6,,44.6,71.08,Partially cloudy,0,1,2,0,0,3,3,30339
128,,30339, USA,05/09/2019,79.3,65.2,70.9,,,1.1,,13.0,33.3,63.0,75.5,"Rain, Partially cloudy",0,1,0,0,0,1,1,30339
129,,30339, USA,05/10/2019,82.1,63.2,72.0,,83.6,3.7,,7.2,,68.6,78.94,"Rain, Partially cloudy",0,0,0,0,0,0,0,30339
130,,30339, USA,05/11/2019,78.8,67.3,72.0,,,0.4,,9.5,,74.7,85.51,"Rain, Partially cloudy",0,0,0,0,0,0,0,30339
131,,30339, USA,05/12/2019,72.4,65.6,67.9,,,1.2,,10.0,,82.7,90.92,"Rain, Overcast",0,0,0,0,0,0,0,30339
132,,30339, USA,05/13/2019,72.3,60.3,66.3,,,0.0,,15.0,,46.5,65.3,Partially cloudy,0,1,1,0,1,1,2,30339
133,,30339, USA,05/14/2019,70.9,49.0,60.6,46.6,,0.0,,12.2,,5.0,60.7,Clear,0,0,5,0,1,4,5,30339
134,,30339, USA,05/15/2019,74.2,49.8,63.5,,,0.0,,6.3,,35.7,59.38,Partially cloudy,0,1,0,0,0,1,1,30339
135,,30339, USA,05/16/2019,84.7,59.9,72.1,,83.8,0.0,,10.0,,64.6,64.26,Partially cloudy,0,0,0,0,0,0,0,30339
136,,30339, USA,05/17/2019,86.9,64.0,75.0,,87.4,0.0,,9.2,,37.7,68.27,Partially cloudy,0,0,3,0,1,2,3,30339
137,,30339, USA,05/18/2019,87.0,62.9,76.0,,87.8,0.0,,11.8,,22.0,66.93,Clear,0,0,0,0,0,0,0,30339
138,,30339, USA,05/19/2019,86.1,65.1,76.4,,85.5,0.0,,12.4,,36.1,62.17,Partially cloudy,0,0,0,0,0,0,0,30339
139,,30339, USA,05/20/2019,85.0,68.9,75.9,,84.8,0.0,,10.9,,52.7,63.62,Partially cloudy,0,3,2,0,1,4,5,30339
140,,30339, USA,05/21/2019,88.8,62.3,76.4,,88.5,0.0,,8.8,,16.7,63.22,Clear,0,0,2,0,0,2,2,30339
141,,30339, USA,05/22/2019,90.5,68.3,80.3,,90.0,0.0,,10.4,,33.2,58.2,Partially cloudy,0,0,2,0,0,2,2,30339
142,,30339, USA,05/23/2019,88.5,71.5,79.8,,90.9,0.0,,8.1,,38.4,65.09,Partially cloudy,0,4,1,0,0,5,5,30339
143,,30339, USA,05/24/2019,91.2,70.1,81.3,,92.8,0.0,,8.7,,29.1,61.86,Partially cloudy,0,1,1,0,0,2,2,30339
144,,30339, USA,05/25/2019,91.7,71.0,81.6,,93.5,0.0,,9.3,,17.9,61.57,Clear,0,0,1,0,0,1,1,30339
145,,30339, USA,05/26/2019,93.1,69.0,81.7,,93.2,0.0,,12.8,,17.3,58.75,Clear,0,0,0,0,0,0,0,30339
146,,30339, USA,05/27/2019,92.4,68.2,81.0,,92.8,0.0,,11.4,,46.1,59.15,Partially cloudy,0,0,0,0,0,0,0,30339
147,,30339, USA,05/28/2019,92.5,69.8,82.2,,91.0,0.0,,13.3,,13.9,56.65,Clear,0,2,0,0,0,2,2,30339
148,,30339, USA,05/29/2019,92.8,68.8,81.6,,91.4,0.0,,12.0,,13.3,54.23,Clear,0,0,3,0,0,3,3,30339
149,,30339, USA,05/30/2019,90.2,72.4,81.2,,89.6,0.0,,15.4,,37.7,54.68,Partially cloudy,0,3,2,0,0,5,5,30339
150,,30339, USA,05/31/2019,86.2,71.7,78.4,,85.7,0.0,,16.9,,47.0,55.43,Partially cloudy,0,1,1,0,0,2,2,30339
151,,30339, USA,06/01/2019,87.1,61.8,75.4,,85.1,0.0,,13.7,,21.6,53.55,Clear,0,0,3,1,1,3,4,30339
152,,30339, USA,06/02/2019,87.8,64.6,74.4,,87.2,0.1,,13.3,32.8,51.3,63.77,"Rain, Partially cloudy",0,0,0,0,0,0,0,30339
153,,30339, USA,06/03/2019,87.6,65.3,76.6,,85.7,0.1,,10.9,,37.4,61.06,"Rain, Partially cloudy",0,0,0,0,0,0,0,30339
154,,30339, USA,06/04/2019,82.6,68.0,73.3,,83.3,0.0,,9.1,,35.5,58.09,Partially cloudy,0,0,1,0,0,1,1,30339
155,,30339, USA,06/05/2019,81.5,67.6,74.2,,84.6,0.0,,7.1,,55.0,78.41,Partially cloudy,0,0,0,0,0,0,0,30339
156,,30339, USA,06/06/2019,75.4,71.4,73.7,,,0.0,,8.6,,92.4,79.9,Overcast,0,0,2,0,0,2,2,30339
157,,30339, USA,06/07/2019,86.8,69.4,73.7,,91.6,0.8,,12.5,33.7,85.3,86.19,"Rain, Overcast",0,0,4,0,1,3,4,30339
158,,30339, USA,06/08/2019,71.8,67.9,70.0,,,2.5,,11.9,29.8,93.2,95.43,"Rain, Overcast",0,0,0,0,0,0,0,30339
159,,30339, USA,06/09/2019,79.7,69.6,73.3,,,0.1,,10.1,,96.2,87.4,"Rain, Overcast",0,0,0,0,0,0,0,30339
160,,30339, USA,06/10/2019,80.4,71.4,75.6,,83.8,0.2,,10.5,,79.8,83.75,"Rain, Overcast",0,0,3,0,1,2,3,30339
161,,30339, USA,06/11/2019,84.1,64.8,74.9,,86.4,0.2,,13.3,,52.8,67.69,"Rain, Partially cloudy",0,2,3,0,1,4,5,30339
162,,30339, USA,06/12/2019,73.8,65.6,69.0,,,1.4,,13.8,,95.9,77.66,"Rain, Overcast",0,0,1,0,0,1,1,30339
163,,30339, USA,06/13/2019,78.6,64.8,70.7,,,0.0,,16.6,,58.5,65.45,Partially cloudy,0,1,2,0,0,3,3,30339
164,,30339, USA,06/14/2019,80.4,54.6,68.8,,79.3,0.0,,6.6,,11.4,52.79,Clear,0,1,2,0,1,2,3,30339
165,,30339, USA,06/15/2019,84.7,60.5,73.4,,85.4,0.0,,10.4,,33.1,61.64,Partially cloudy,0,0,1,0,0,1,1,30339
166,,30339, USA,06/16/2019,88.4,67.0,78.6,,90.7,0.0,,10.3,,35.7,66.14,Partially cloudy,0,0,0,0,0,0,0,30339
167,,30339, USA,06/17/2019,89.8,70.1,79.5,,92.2,0.0,,9.9,,48.5,68.53,Partially cloudy,0,0,0,0,0,0,0,30339
168,,30339, USA,06/18/2019,81.0,71.6,75.3,,85.5,0.3,,7.3,,62.7,87.14,"Rain, Partially cloudy",0,0,0,0,0,0,0,30339
169,,30339, USA,06/19/2019,86.8,70.7,77.8,,91.1,0.0,,11.5,,71.9,76.88,Partially cloudy,0,0,1,0,0,1,1,30339
170,,30339, USA,06/20/2019,86.0,73.3,77.9,,88.6,0.4,,18.6,31.1,40.7,73.92,"Rain, Partially cloudy",0,1,6,14,1,20,21,30339
171,,30339, USA,06/21/2019,90.1,68.8,79.7,,93.9,0.0,,10.7,,21.9,67.52,Clear,0,1,0,0,0,1,1,30339
172,,30339, USA,06/22/2019,88.3,69.6,79.0,,94.3,0.4,,24.2,36.3,49.9,71.04,"Rain, Partially cloudy",0,0,3,0,0,3,3,30339
173,,30339, USA,06/23/2019,87.4,67.6,76.7,,93.2,0.4,,12.2,34.4,53.4,75.26,"Rain, Partially cloudy",0,0,0,0,0,0,0,30339
174,,30339, USA,06/24/2019,87.4,70.7,77.1,,93.7,0.7,,15.3,40.3,53.2,81.58,"Rain, Partially cloudy",0,1,2,0,0,3,3,30339
175,,30339, USA,06/25/2019,85.3,68.1,76.4,,87.5,0.0,,10.7,,47.8,74.05,Partially cloudy,0,0,0,0,0,0,0,30339
176,,30339, USA,06/26/2019,84.9,69.2,77.0,,86.7,0.0,,6.8,,44.0,72.26,Partially cloudy,0,0,1,0,0,1,1,30339
177,,30339, USA,06/27/2019,87.6,71.4,79.0,,90.0,0.0,,8.2,,50.3,69.81,Partially cloudy,0,0,1,0,0,1,1,30339
178,,30339, USA,06/28/2019,89.1,69.4,79.4,,90.1,0.0,,9.8,,35.0,63.04,Partially cloudy,0,2,1,0,0,3,3,30339
179,,30339, USA,06/29/2019,85.9,68.8,77.4,,88.7,0.0,,7.9,,43.7,74.03,Partially cloudy,0,1,2,1,0,4,4,30339
180,,30339, USA,06/30/2019,89.9,70.8,80.8,,92.1,0.0,,8.8,,37.7,68.52,Partially cloudy,0,0,2,0,0,2,2,30339
181,,30339, USA,07/01/2019,91.5,72.1,82.6,,95.0,0.0,,13.2,,25.3,64.24,Partially cloudy,0,0,0,0,0,0,0,30339
182,,30339, USA,07/02/2019,93.6,74.3,84.5,,96.6,0.0,,9.0,,16.9,60.87,Clear,0,2,2,1,0,5,5,30339
183,,30339, USA,07/03/2019,90.4,75.3,83.4,,94.2,0.0,,9.5,,32.1,63.34,Partially cloudy,0,0,0,0,0,0,0,30339
184,,30339, USA,07/04/2019,93.5,74.6,83.9,,95.1,0.0,,9.8,,59.7,61.6,Partially cloudy,0,0,0,0,0,0,0,30339
185,,30339, USA,07/05/2019,90.7,73.2,80.3,,96.6,1.5,,9.0,,47.1,74.84,"Rain, Partially cloudy",0,0,2,0,0,2,2,30339
186,,30339, USA,07/06/2019,91.8,71.3,80.7,,97.2,0.1,,7.2,,47.0,75.08,"Rain, Partially cloudy",0,0,0,0,0,0,0,30339
187,,30339, USA,07/07/2019,86.5,73.4,80.1,,92.7,0.3,,10.1,,52.0,75.29,"Rain, Partially cloudy",0,0,0,0,0,0,0,30339
188,,30339, USA,07/08/2019,90.1,73.3,80.8,,94.6,0.0,,8.8,,50.0,74.51,Partially cloudy,0,1,0,0,1,0,1,30339
189,,30339, USA,07/09/2019,89.8,74.6,82.5,,98.2,0.0,,11.5,,42.0,73.48,Partially cloudy,0,2,0,0,0,2,2,30339
190,,30339, USA,07/10/2019,90.2,75.6,82.0,,96.5,0.2,,9.2,,54.9,73.21,"Rain, Partially cloudy",0,2,2,0,1,3,4,30339
191,,30339, USA,07/11/2019,89.4,74.3,81.1,,97.3,0.1,,8.8,,58.9,76.35,"Rain, Partially cloudy",0,2,3,0,0,5,5,30339
192,,30339, USA,07/12/2019,90.6,74.6,81.6,,95.1,0.2,,8.9,32.2,65.5,73.81,"Rain, Partially cloudy",0,3,0,1,2,2,4,30339
193,,30339, USA,07/13/2019,87.0,73.3,78.6,,93.3,0.1,,10.1,,57.3,78.84,"Rain, Partially cloudy",0,0,2,0,0,2,2,30339
194,,30339, USA,07/14/2019,88.5,72.1,79.9,,91.8,0.0,,9.4,,55.7,70.55,Partially cloudy,0,1,0,0,0,1,1,30339
195,,30339, USA,07/15/2019,91.0,71.0,82.0,,94.3,0.0,,10.6,,38.2,63.78,Partially cloudy,0,0,0,0,0,0,0,30339
196,,30339, USA,07/16/2019,92.5,72.7,83.2,,95.0,0.0,,9.5,,19.8,63.95,Clear,0,0,0,0,0,0,0,30339
197,,30339, USA,07/17/2019,90.1,74.5,80.2,,95.9,0.2,,13.0,32.2,8.8,73.58,"Rain, Clear",0,1,2,0,1,2,3,30339
198,,30339, USA,07/18/2019,88.7,72.9,78.8,,94.7,0.0,,13.2,32.4,48.5,78.28,Partially cloudy,0,0,0,0,0,0,0,30339
199,,30339, USA,07/19/2019,87.7,74.9,78.2,,93.1,0.4,,24.4,31.1,59.0,83.99,"Rain, Partially cloudy",0,0,0,0,0,0,0,30339
200,,30339, USA,07/20/2019,88.5,72.3,77.5,,94.2,1.0,,11.3,,80.1,82.78,"Rain, Overcast",0,0,0,0,0,0,0,30339
201,,30339, USA,07/21/2019,88.0,72.0,78.8,,91.8,0.0,,7.4,,63.7,74.69,Partially cloudy,0,0,1,0,0,1,1,30339
202,,30339, USA,07/22/2019,89.0,72.6,80.7,,93.1,0.0,,10.6,,43.0,69.46,Partially cloudy,0,0,2,0,1,1,2,30339
203,,30339, USA,07/23/2019,81.3,72.3,76.6,,84.4,0.8,,16.0,,74.8,76.82,"Rain, Partially cloudy",0,1,3,0,1,3,4,30339
204,,30339, USA,07/24/2019,83.8,66.0,75.2,,82.4,0.0,,9.6,,37.1,60.45,Partially cloudy,0,0,2,0,1,1,2,30339
205,,30339, USA,07/25/2019,83.4,63.0,74.3,,82.3,0.0,,8.0,,29.0,57.8,Partially cloudy,0,0,1,0,0,1,1,30339
206,,30339, USA,07/26/2019,86.0,64.9,75.9,,84.8,0.0,,5.4,,30.4,58.63,Partially cloudy,0,0,0,0,0,0,0,30339
207,,30339, USA,07/27/2019,86.9,66.8,77.3,,87.0,0.0,,8.1,,38.3,60.15,Partially cloudy,0,0,1,0,0,1,1,30339
208,,30339, USA,07/28/2019,87.1,67.7,77.8,,87.0,0.0,,5.1,,65.0,63.54,Partially cloudy,0,0,1,0,0,1,1,30339
209,,30339, USA,07/29/2019,88.7,72.1,78.9,,88.8,0.5,,10.6,,26.1,64.66,"Rain, Partially cloudy",0,0,1,0,0,1,1,30339
210,,30339, USA,07/30/2019,89.6,68.4,76.6,,90.2,0.7,,14.5,32.2,19.4,72.9,"Rain, Clear",0,0,1,0,0,1,1,30339
211,,30339, USA,07/31/2019,89.3,71.0,78.3,,91.8,0.0,,6.6,,25.2,73.8,Partially cloudy,0,9,3,0,1,11,12,30339
212,,30339, USA,08/01/2019,89.4,69.3,77.6,,92.0,0.7,,9.6,33.3,46.6,72.93,"Rain, Partially cloudy",0,1,1,0,0,2,2,30339
213,,30339, USA,08/02/2019,84.8,68.4,75.1,,88.2,0.9,,9.6,,71.1,81.2,"Rain, Partially cloudy",0,0,2,0,0,2,2,30339
214,,30339, USA,08/03/2019,86.3,70.0,77.7,,89.0,0.0,,6.1,,49.3,74.49,Partially cloudy,0,0,1,0,0,1,1,30339
215,,30339, USA,08/04/2019,85.7,71.2,77.2,,88.4,0.8,,8.4,,61.6,77.26,"Rain, Partially cloudy",0,0,0,0,0,0,0,30339
216,,30339, USA,08/05/2019,88.7,71.8,78.5,,91.1,0.1,,13.2,,68.9,74.08,"Rain, Partially cloudy",0,0,1,0,0,1,1,30339
217,,30339, USA,08/06/2019,89.9,70.7,79.1,,92.6,0.0,,11.9,,48.2,71.27,Partially cloudy,0,0,3,0,0,3,3,30339
218,,30339, USA,08/07/2019,91.3,73.2,81.3,,96.9,0.0,,13.7,,51.9,66.83,Partially cloudy,0,0,1,0,0,1,1,30339
219,,30339, USA,08/08/2019,90.6,72.3,81.5,,94.9,0.0,,13.0,,36.9,64.61,Partially cloudy,0,0,0,0,0,0,0,30339
220,,30339, USA,08/09/2019,91.9,72.9,81.9,,95.5,0.0,,11.2,,31.7,68.83,Partially cloudy,0,0,1,0,0,1,1,30339
221,,30339, USA,08/10/2019,92.3,75.4,82.8,,97.9,0.0,,9.3,,45.9,70.22,Partially cloudy,0,0,0,0,0,0,0,30339
222,,30339, USA,08/11/2019,92.4,75.6,83.8,,99.1,0.0,,7.2,,33.7,69.18,Partially cloudy,0,0,1,0,0,1,1,30339
223,,30339, USA,08/12/2019,93.2,76.0,84.7,,100.0,0.0,,8.1,,24.9,66.86,Clear,0,1,0,0,0,1,1,30339
224,,30339, USA,08/13/2019,97.3,77.5,86.8,,105.4,0.0,,8.4,,28.0,65.52,Partially cloudy,0,4,5,0,0,9,9,30339
225,,30339, USA,08/14/2019,91.6,74.2,80.4,,98.8,0.4,,12.7,39.1,55.0,76.8,"Rain, Partially cloudy",0,0,1,0,0,1,1,30339
226,,30339, USA,08/15/2019,91.7,71.8,81.1,,92.5,0.0,,10.7,,31.2,65.76,Partially cloudy,0,0,1,0,0,1,1,30339
227,,30339, USA,08/16/2019,91.6,67.7,80.0,,92.6,0.0,,7.5,,9.1,58.88,Clear,0,0,2,0,0,2,2,30339
228,,30339, USA,08/17/2019,94.3,68.7,81.5,,94.3,0.0,,8.3,,7.6,58.66,Clear,0,0,1,0,0,1,1,30339
229,,30339, USA,08/18/2019,94.1,72.1,82.5,,95.8,0.0,,7.1,,35.2,62.86,Partially cloudy,0,0,0,0,0,0,0,30339
230,,30339, USA,08/19/2019,89.4,73.5,80.5,,95.5,0.0,,7.2,,38.8,71.56,Partially cloudy,0,0,1,0,1,0,1,30339
231,,30339, USA,08/20/2019,92.0,71.4,80.4,,95.2,0.0,,9.0,,52.9,68.39,Partially cloudy,0,1,1,0,0,2,2,30339
232,,30339, USA,08/21/2019,91.1,71.4,80.9,,94.9,0.0,,8.6,,38.1,69.01,Partially cloudy,0,1,0,0,0,1,1,30339
233,,30339, USA,08/22/2019,91.6,73.1,82.9,,94.6,0.0,,10.3,,31.3,62.51,Partially cloudy,0,2,1,0,0,3,3,30339
234,,30339, USA,08/23/2019,89.7,74.8,81.5,,94.5,0.1,,11.9,,64.2,69.1,"Rain, Partially cloudy",0,1,0,0,0,1,1,30339
235,,30339, USA,08/24/2019,90.7,72.8,79.8,,94.1,0.0,,11.6,32.2,55.4,74.68,Partially cloudy,0,0,0,0,0,0,0,30339
236,,30339, USA,08/25/2019,75.7,66.5,71.4,,,0.0,,13.5,,100.0,76.55,Overcast,0,0,0,0,0,0,0,30339
237,,30339, USA,08/26/2019,77.5,67.6,71.2,,,0.3,,13.5,,96.0,83.27,"Rain, Overcast",0,1,3,0,0,4,4,30339
238,,30339, USA,08/27/2019,80.6,71.0,74.7,,84.9,0.1,,8.7,,76.6,88.91,"Rain, Overcast",0,1,0,0,1,0,1,30339
239,,30339, USA,08/28/2019,89.4,69.6,78.1,,90.5,0.0,,13.1,,47.8,70.31,Partially cloudy,0,1,0,0,0,1,1,30339
240,,30339, USA,08/29/2019,87.3,63.9,75.9,,84.8,0.0,,8.1,,0.8,54.12,Clear,0,2,0,0,0,2,2,30339
241,,30339, USA,08/30/2019,88.6,61.8,75.2,,87.1,0.0,,10.2,,1.7,59.45,Clear,0,0,0,0,0,0,0,30339
242,,30339, USA,08/31/2019,88.0,65.0,77.0,,88.9,0.0,,10.8,,27.3,63.04,Partially cloudy,0,0,0,0,0,0,0,30339
243,,30339, USA,09/01/2019,87.2,69.3,78.5,,89.5,0.0,,9.2,,53.1,66.1,Partially cloudy,0,0,0,0,0,0,0,30339
244,,30339, USA,09/02/2019,91.7,68.1,79.7,,91.7,0.0,,9.6,,12.2,60.67,Clear,0,0,2,0,0,2,2,30339
245,,30339, USA,09/03/2019,92.6,69.7,80.8,,92.8,0.0,,7.5,,19.5,61.04,Clear,0,0,1,0,0,1,1,30339
246,,30339, USA,09/04/2019,95.3,70.6,82.6,,97.4,0.0,,9.9,29.8,13.7,58.92,Clear,0,0,1,0,0,1,1,30339
247,,30339, USA,09/05/2019,92.8,74.8,82.9,,91.6,0.0,,13.0,,19.3,52.97,Clear,0,8,1,0,0,9,9,30339
248,,30339, USA,09/06/2019,92.7,66.0,79.2,,88.7,0.0,,14.2,,0.0,51.63,Clear,0,0,0,0,0,0,0,30339
249,,30339, USA,09/07/2019,93.4,69.1,81.5,,96.5,0.0,,12.2,,13.4,58.32,Clear,0,0,0,0,0,0,0,30339
250,,30339, USA,09/08/2019,93.7,64.6,80.0,,92.1,0.0,,6.1,,4.3,50.09,Clear,0,1,0,0,0,1,1,30339
251,,30339, USA,09/09/2019,96.3,66.9,81.9,,95.9,0.0,,6.0,,13.3,51.55,Clear,0,0,0,0,0,0,0,30339
252,,30339, USA,09/10/2019,94.6,73.1,80.8,,98.1,0.4,,10.9,45.9,35.9,67.35,"Rain, Partially cloudy",0,0,0,0,0,0,0,30339
253,,30339, USA,09/11/2019,92.8,70.8,80.5,,93.6,0.0,,5.7,,22.7,66.7,Clear,0,1,1,0,0,2,2,30339
254,,30339, USA,09/12/2019,95.6,69.8,82.1,,96.1,0.0,,6.8,,14.2,60.27,Clear,0,0,0,0,0,0,0,30339
255,,30339, USA,09/13/2019,94.8,69.9,81.5,,95.9,0.1,,14.4,32.6,27.6,61.43,"Rain, Partially cloudy",0,0,1,0,0,1,1,30339
256,,30339, USA,09/14/2019,84.6,71.0,76.7,,88.1,0.4,,8.8,35.6,63.6,78.8,"Rain, Partially cloudy",0,0,0,0,0,0,0,30339
257,,30339, USA,09/15/2019,90.3,68.9,78.7,,93.7,0.0,,7.2,,42.2,70.71,Partially cloudy,0,0,1,0,0,1,1,30339
258,,30339, USA,09/16/2019,94.3,69.2,81.0,,93.8,0.0,,7.2,,11.2,63.33,Clear,0,0,1,0,0,1,1,30339
259,,30339, USA,09/17/2019,95.4,69.0,81.7,,97.1,0.0,,10.4,,27.0,59.47,Partially cloudy,0,0,0,0,0,0,0,30339
260,,30339, USA,09/18/2019,83.6,71.5,77.3,,86.9,0.0,,11.1,,32.8,68.22,Partially cloudy,0,0,0,0,0,0,0,30339
261,,30339, USA,09/19/2019,79.7,67.9,73.2,,,0.0,,12.5,,48.9,57.16,Partially cloudy,0,0,0,0,0,0,0,30339
262,,30339, USA,09/20/2019,80.7,61.0,70.6,,80.3,0.0,,9.3,,9.6,56.91,Clear,0,0,1,0,1,0,1,30339
263,,30339, USA,09/21/2019,85.0,59.7,71.7,,83.6,0.0,,6.6,,13.4,61.31,Clear,0,0,0,0,0,0,0,30339
264,,30339, USA,09/22/2019,86.3,59.5,72.3,,84.2,0.0,,6.0,,3.5,62.08,Clear,0,0,0,0,0,0,0,30339
265,,30339, USA,09/23/2019,89.9,58.6,74.1,,88.5,0.0,,7.6,,15.6,60.71,Clear,0,0,1,1,0,2,2,30339
266,,30339, USA,09/24/2019,90.5,72.1,79.9,,90.0,0.0,,9.7,,38.9,57.54,Partially cloudy,0,1,7,0,1,7,8,30339
267,,30339, USA,09/25/2019,90.3,60.7,75.5,,89.6,0.0,,8.8,,19.1,55.99,Clear,0,1,0,0,0,1,1,30339
268,,30339, USA,09/26/2019,92.6,69.3,79.6,,93.5,0.0,,11.4,35.6,38.4,64.74,Partially cloudy,0,0,1,0,0,1,1,30339
269,,30339, USA,09/27/2019,93.5,69.6,80.9,,94.8,0.0,,5.6,,30.1,62.41,Partially cloudy,0,0,1,0,0,1,1,30339
270,,30339, USA,09/28/2019,89.2,72.7,80.0,,94.4,0.0,,10.8,,34.1,70.82,Partially cloudy,0,0,3,0,0,3,3,30339
271,,30339, USA,09/29/2019,91.0,70.6,79.8,,93.4,0.0,,5.8,,22.6,71.27,Clear,0,0,1,0,0,1,1,30339
272,,30339, USA,09/30/2019,93.1,69.4,80.9,,94.3,0.0,,6.0,,8.4,64.67,Clear,0,0,0,0,0,0,0,30339
273,,30339, USA,10/01/2019,92.0,71.9,81.3,,95.4,0.0,,6.3,,16.0,64.93,Clear,0,0,0,0,0,0,0,30339
274,,30339, USA,10/02/2019,94.3,70.9,82.0,,97.1,0.0,,6.6,,9.3,63.68,Clear,0,0,2,0,0,2,2,30339
275,,30339, USA,10/03/2019,96.4,71.2,82.8,,97.8,0.0,,7.6,,8.0,59.96,Clear,0,0,3,1,1,3,4,30339
276,,30339, USA,10/04/2019,95.6,68.2,82.1,,94.8,0.0,,8.1,,17.9,55.06,Clear,0,3,0,0,0,3,3,30339
277,,30339, USA,10/05/2019,78.8,66.4,74.2,,,0.0,,16.2,,56.3,68.0,Partially cloudy,0,0,1,0,0,1,1,30339
278,,30339, USA,10/06/2019,76.0,61.2,67.8,,,0.0,,12.4,,89.2,78.5,Overcast,0,0,2,0,0,2,2,30339
279,,30339, USA,10/07/2019,78.3,64.6,71.6,,,0.0,,6.5,,64.5,74.03,Partially cloudy,0,1,0,0,0,1,1,30339
280,,30339, USA,10/08/2019,80.7,63.8,70.3,,81.8,0.0,,5.7,,56.7,76.59,Partially cloudy,0,0,2,0,0,2,2,30339
281,,30339, USA,10/09/2019,73.7,64.2,67.7,,,0.0,,12.8,,77.8,76.15,Overcast,0,1,2,0,0,3,3,30339
282,,30339, USA,10/10/2019,76.1,59.3,65.8,,,0.0,,8.4,,25.0,77.91,Clear,0,0,0,0,0,0,0,30339
283,,30339, USA,10/11/2019,79.4,56.2,66.9,,,0.0,,5.8,,32.8,69.93,Partially cloudy,0,0,1,0,0,1,1,30339
284,,30339, USA,10/12/2019,77.7,58.6,67.6,,,0.0,,10.4,,58.6,68.99,Partially cloudy,0,0,0,0,0,0,0,30339
285,,30339, USA,10/13/2019,64.7,57.9,61.7,,,0.3,,7.4,,95.7,88.16,"Rain, Overcast",0,7,1,1,0,9,9,30339
286,,30339, USA,10/14/2019,76.0,49.7,63.1,48.3,,0.0,,5.9,,41.4,67.89,Partially cloudy,0,0,0,0,0,0,0,30339
287,,30339, USA,10/15/2019,70.1,62.0,64.9,,,0.1,,7.5,,96.5,82.89,"Rain, Overcast",0,0,0,0,0,0,0,30339
288,,30339, USA,10/16/2019,70.7,55.9,63.6,,,0.3,,16.7,29.8,80.3,77.8,"Rain, Overcast",0,2,1,0,0,3,3,30339
289,,30339, USA,10/17/2019,65.8,44.4,54.1,40.2,,0.0,,11.4,,26.3,56.32,Partially cloudy,0,5,4,1,0,10,10,30339
290,,30339, USA,10/18/2019,65.6,41.9,54.3,43.7,,0.0,,8.6,,37.4,63.47,Partially cloudy,0,1,0,0,0,1,1,30339
291,,30339, USA,10/19/2019,58.4,52.1,54.8,,,1.3,,11.4,,27.4,81.56,"Rain, Partially cloudy",0,0,2,1,0,3,3,30339
292,,30339, USA,10/20/2019,72.2,55.7,61.8,,,0.0,,11.8,,28.5,87.58,Partially cloudy,0,0,0,0,0,0,0,30339
293,,30339, USA,10/21/2019,74.6,54.4,64.7,,,0.0,,10.9,,10.2,84.64,Clear,0,1,0,0,0,1,1,30339
294,,30339, USA,10/22/2019,70.9,52.8,64.3,,,0.3,,14.0,,28.9,64.42,"Rain, Partially cloudy",0,1,1,0,0,2,2,30339
295,,30339, USA,10/23/2019,67.7,42.5,54.8,40.8,,0.0,,7.1,,11.2,58.41,Clear,0,1,0,0,0,1,1,30339
296,,30339, USA,10/24/2019,69.6,42.7,56.1,,,0.0,,8.1,,7.7,64.74,Clear,0,0,1,0,0,1,1,30339
297,,30339, USA,10/25/2019,69.3,60.5,63.7,,,0.1,,8.6,,39.2,70.98,"Rain, Partially cloudy",0,0,0,0,0,0,0,30339
298,,30339, USA,10/26/2019,73.4,66.0,69.1,,,0.1,,15.5,,35.7,90.13,"Rain, Partially cloudy",0,0,1,0,0,1,1,30339
299,,30339, USA,10/27/2019,72.7,54.9,63.3,,,0.3,,13.3,29.8,16.4,79.17,"Rain, Clear",0,0,0,0,0,0,0,30339
300,,30339, USA,10/28/2019,75.2,49.5,58.9,,,0.0,,5.6,,14.9,84.74,Clear,0,1,1,0,0,2,2,30339
301,,30339, USA,10/29/2019,73.6,53.5,63.0,,,0.0,,7.5,,26.1,83.67,Partially cloudy,0,1,0,0,0,1,1,30339
302,,30339, USA,10/30/2019,71.7,65.1,68.3,,,1.4,,11.5,,77.8,98.39,"Rain, Overcast",0,0,0,0,0,0,0,30339
303,,30339, USA,10/31/2019,73.6,38.6,60.8,31.2,,0.5,,22.0,33.4,89.1,89.51,"Rain, Overcast",0,5,3,0,0,8,8,30339
304,,30339, USA,11/01/2019,56.1,33.6,42.8,25.0,,0.0,,13.3,,6.7,64.39,Clear,0,1,0,2,0,3,3,30339
305,,30339, USA,11/02/2019,58.5,34.3,44.9,29.9,,0.0,,14.4,,10.5,69.05,Clear,0,0,0,0,0,0,0,30339
306,,30339, USA,11/03/2019,60.6,33.9,46.4,34.3,,0.0,,4.8,,7.7,62.81,Clear,0,0,0,0,0,0,0,30339
307,,30339, USA,11/04/2019,60.0,36.4,49.2,48.1,,0.0,,7.7,,65.2,67.63,Partially cloudy,0,3,3,0,0,6,6,30339
308,,30339, USA,11/05/2019,69.0,48.7,57.7,,,0.0,,8.8,,63.9,64.92,Partially cloudy,0,0,0,0,0,0,0,30339
309,,30339, USA,11/06/2019,72.4,45.0,57.1,46.8,,0.0,,9.0,,5.3,65.57,Clear,0,1,1,0,0,2,2,30339
310,,30339, USA,11/07/2019,67.9,51.8,59.8,,,0.6,,9.5,29.8,92.7,79.75,"Rain, Overcast",0,0,1,0,0,1,1,30339
311,,30339, USA,11/08/2019,56.2,36.9,46.8,35.2,,0.0,,12.8,,65.6,71.72,Partially cloudy,0,3,0,2,0,5,5,30339
312,,30339, USA,11/09/2019,54.3,34.1,42.5,30.4,,0.0,,8.5,,5.8,64.6,Clear,0,1,1,0,0,2,2,30339
313,,30339, USA,11/10/2019,64.8,33.9,47.7,,,0.0,,6.0,,9.7,72.18,Clear,0,0,1,0,0,1,1,30339
314,,30339, USA,11/11/2019,66.7,39.0,52.7,,,0.0,,9.5,,47.8,72.93,Partially cloudy,0,0,1,0,0,1,1,30339
315,,30339, USA,11/12/2019,55.7,25.3,38.7,14.6,,0.5,,21.2,36.6,69.4,80.75,"Rain, Partially cloudy",0,1,0,0,0,1,1,30339
316,,30339, USA,11/13/2019,46.2,21.2,33.0,15.3,,0.0,,11.4,,12.2,54.87,Clear,0,1,1,0,0,2,2,30339
317,,30339, USA,11/14/2019,42.8,33.2,38.9,27.5,,0.2,,9.2,,83.1,61.0,"Rain, Overcast",0,0,1,0,0,1,1,30339
318,,30339, USA,11/15/2019,46.9,41.9,44.4,38.8,,0.6,,7.8,,94.1,93.09,"Rain, Overcast",0,0,0,0,0,0,0,30339
319,,30339, USA,11/16/2019,62.3,38.0,48.2,33.8,,0.0,,7.9,,42.3,64.69,Partially cloudy,0,0,1,0,0,1,1,30339
320,,30339, USA,11/17/2019,64.9,38.1,51.8,,,0.0,,3.6,,72.9,72.57,Partially cloudy,0,0,1,0,0,1,1,30339
321,,30339, USA,11/18/2019,61.9,45.4,53.0,42.1,,0.0,,10.9,,62.1,68.05,Partially cloudy,0,1,2,0,1,2,3,30339
322,,30339, USA,11/19/2019,62.2,42.8,50.1,38.3,,0.0,,9.9,,21.2,63.37,Clear,0,0,4,0,0,4,4,30339
323,,30339, USA,11/20/2019,62.9,43.7,50.8,40.5,,0.0,,9.6,,22.4,59.95,Clear,0,0,1,0,0,1,1,30339
324,,30339, USA,11/21/2019,66.1,39.9,52.2,,,0.0,,10.4,,8.5,64.41,Clear,0,1,1,0,0,2,2,30339
325,,30339, USA,11/22/2019,65.0,45.1,56.3,46.1,,0.0,,10.3,,34.5,77.69,Partially cloudy,0,0,0,0,0,0,0,30339
326,,30339, USA,11/23/2019,64.5,46.1,58.7,39.5,,0.8,,21.3,34.2,82.8,89.01,"Rain, Overcast",0,0,3,0,0,3,3,30339
327,,30339, USA,11/24/2019,52.3,40.0,45.8,35.9,,0.0,,14.0,,15.9,69.2,Clear,0,0,0,0,0,0,0,30339
328,,30339, USA,11/25/2019,62.3,33.0,45.8,29.4,,0.0,,6.9,,15.2,71.61,Clear,0,0,1,0,0,1,1,30339
329,,30339, USA,11/26/2019,64.9,33.7,50.3,,,0.0,,10.1,,3.9,72.13,Clear,0,1,3,0,0,4,4,30339
330,,30339, USA,11/27/2019,74.5,52.1,62.8,,,0.2,,15.1,,18.2,60.3,"Rain, Clear",0,0,1,0,0,1,1,30339
331,,30339, USA,11/28/2019,60.2,43.4,51.0,37.8,,0.0,,12.9,,7.8,44.37,Clear,0,0,0,0,0,0,0,30339
332,,30339, USA,11/29/2019,66.6,47.0,55.4,47.7,,0.0,,7.1,,74.7,51.39,Partially cloudy,0,0,0,0,0,0,0,30339
333,,30339, USA,11/30/2019,73.5,49.7,61.0,,,0.0,,9.8,,36.0,61.02,Partially cloudy,0,0,0,0,0,0,0,30339
334,,30339, USA,12/01/2019,65.7,48.4,60.7,42.5,,0.1,,20.6,36.7,46.4,50.87,"Rain, Partially cloudy",0,1,1,0,0,2,2,30339
335,,30339, USA,12/02/2019,47.6,37.3,41.0,29.1,,0.0,,17.7,33.4,94.7,54.96,Overcast,0,1,3,0,0,4,4,30339
336,,30339, USA,12/03/2019,45.7,35.0,39.0,26.6,,0.0,,15.3,,65.2,63.36,Partially cloudy,0,1,0,0,0,1,1,30339
337,,30339, USA,12/04/2019,58.5,34.1,45.2,27.1,,0.0,,16.0,,14.1,57.59,Clear,0,8,0,0,0,8,8,30339
338,,30339, USA,12/05/2019,63.7,35.7,49.3,32.1,,0.0,,9.3,,23.6,49.25,Clear,0,0,1,0,0,1,1,30339
339,,30339, USA,12/06/2019,57.8,41.9,49.7,,,0.0,,6.2,,86.6,62.36,Overcast,0,0,0,1,0,1,1,30339
340,,30339, USA,12/07/2019,61.3,43.1,52.9,,,0.0,,6.0,,88.3,65.54,Overcast,0,0,0,0,0,0,0,30339
341,,30339, USA,12/08/2019,55.7,45.4,50.8,40.2,,0.0,,13.9,,86.8,59.12,Overcast,0,0,1,0,1,0,1,30339
342,,30339, USA,12/09/2019,54.4,46.4,50.5,42.3,,0.0,,12.0,,99.1,69.21,Overcast,0,1,0,0,0,1,1,30339
343,,30339, USA,12/10/2019,65.9,38.4,53.2,32.2,,0.3,,16.5,34.4,93.4,86.73,"Rain, Overcast",0,0,2,0,0,2,2,30339
344,,30339, USA,12/11/2019,51.4,33.4,39.2,26.6,,0.0,,13.7,,37.6,63.81,Partially cloudy,0,0,1,0,0,1,1,30339
345,,30339, USA,12/12/2019,51.2,29.9,40.0,26.1,,0.1,,15.1,,40.5,62.53,"Rain, Partially cloudy",0,1,0,0,0,1,1,30339
346,,30339, USA,12/13/2019,43.7,36.4,40.1,28.6,,1.4,,11.6,,91.5,94.89,"Rain, Overcast",0,1,2,0,0,3,3,30339
347,,30339, USA,12/14/2019,52.9,39.5,45.6,39.1,,0.1,,14.8,,57.0,83.24,"Rain, Partially cloudy",0,0,0,0,0,0,0,30339
348,,30339, USA,12/15/2019,57.7,38.6,48.3,48.2,,0.0,,9.1,,53.7,82.61,Partially cloudy,0,0,1,0,0,1,1,30339
349,,30339, USA,12/16/2019,69.0,54.2,60.5,,,0.0,,10.0,,86.1,74.68,Overcast,0,0,0,0,0,0,0,30339
350,,30339, USA,12/17/2019,63.0,38.8,51.8,30.1,,0.5,,19.5,34.4,89.8,86.35,"Rain, Overcast",0,1,3,0,1,3,4,30339
351,,30339, USA,12/18/2019,47.0,30.5,37.6,21.0,,0.0,,16.2,,1.9,54.65,Clear,0,0,1,0,0,1,1,30339
352,,30339, USA,12/19/2019,51.8,28.1,38.0,22.5,,0.0,,8.8,,0.0,58.46,Clear,0,0,0,0,0,0,0,30339
353,,30339, USA,12/20/2019,54.9,27.9,41.0,42.9,,0.0,,7.5,,39.9,56.56,Partially cloudy,0,0,2,0,0,2,2,30339
354,,30339, USA,12/21/2019,46.3,42.0,44.6,38.9,,0.1,,7.8,,84.8,62.39,"Rain, Overcast",0,0,0,0,0,0,0,30339
355,,30339, USA,12/22/2019,46.3,40.5,42.7,33.7,,1.2,,15.5,32.2,96.9,83.79,"Rain, Overcast",0,0,1,0,0,1,1,30339
356,,30339, USA,12/23/2019,56.6,46.6,52.0,40.4,,0.6,,15.7,29.8,100.0,95.93,"Rain, Overcast",0,0,0,0,0,0,0,30339
357,,30339, USA,12/24/2019,70.0,48.3,58.0,,,0.0,,6.1,,36.7,82.45,Partially cloudy,0,1,0,0,0,1,1,30339
358,,30339, USA,12/25/2019,64.5,39.6,50.3,43.0,,0.0,,9.5,,1.0,73.55,Clear,0,0,0,0,0,0,0,30339
359,,30339, USA,12/26/2019,64.6,35.4,48.9,,,0.0,,3.8,,40.2,76.03,Partially cloudy,0,0,1,0,0,1,1,30339
360,,30339, USA,12/27/2019,64.4,47.6,56.1,,,0.0,,5.8,,88.7,74.43,Overcast,0,0,0,0,0,0,0,30339
361,,30339, USA,12/28/2019,67.3,51.2,59.1,,,0.0,,9.5,,89.2,88.75,Overcast,0,0,2,0,0,2,2,30339
362,,30339, USA,12/29/2019,69.3,61.5,65.9,,,0.1,,12.9,,98.6,93.19,"Rain, Overcast",0,1,2,0,0,3,3,30339
363,,30339, USA,12/30/2019,68.4,45.7,55.7,40.5,,0.1,,20.4,40.3,27.6,62.52,"Rain, Partially cloudy",0,0,0,0,0,0,0,30339
364,,30339, USA,12/31/2019,52.9,38.3,45.2,32.0,,0.0,,20.3,29.8,2.5,57.16,Clear,0,0,0,0,0,0,0,30339
365,,30339, USA,01/01/2018,27.6,17.1,21.3,4.2,,0.0,,14.5,,63.8,49.43,Partially cloudy,0,0,0,0,0,0,0,30339
366,,30339, USA,01/02/2018,34.4,11.8,22.8,5.1,,0.0,,7.5,,23.6,49.24,Clear,0,0,3,0,0,3,3,30339
367,,30339, USA,01/03/2018,37.2,25.5,29.7,18.9,,0.0,,12.3,,38.5,37.73,Partially cloudy,0,0,0,0,0,0,0,30339
368,,30339, USA,01/04/2018,32.3,20.2,26.1,8.4,,0.0,,22.2,34.4,0.0,42.5,Clear,0,0,0,0,0,0,0,30339
369,,30339, USA,01/05/2018,35.5,15.9,24.7,2.5,,0.0,,12.4,,10.0,40.31,Clear,0,0,0,0,0,0,0,30339
370,,30339, USA,01/06/2018,37.5,20.6,27.9,13.2,,0.0,,13.0,,12.5,37.11,Clear,0,0,0,0,0,0,0,30339
371,,30339, USA,01/07/2018,37.9,19.1,28.5,13.9,,0.0,,12.5,,41.3,38.57,Partially cloudy,0,0,0,0,0,0,0,30339
372,,30339, USA,01/08/2018,39.0,30.3,34.7,20.7,,0.1,,11.8,,86.0,61.39,"Rain, Overcast",0,0,0,0,0,0,0,30339
373,,30339, USA,01/09/2018,63.4,36.6,48.3,39.6,,0.0,,7.6,,68.7,88.52,Partially cloudy,0,2,3,0,1,4,5,30339
374,,30339, USA,01/10/2018,63.8,51.0,57.8,,,0.0,,11.5,,96.3,75.13,Overcast,0,1,0,0,0,1,1,30339
375,,30339, USA,01/11/2018,58.0,51.4,55.0,,,0.1,,12.2,,92.5,96.99,"Rain, Overcast",0,0,1,0,0,1,1,30339
376,,30339, USA,01/12/2018,60.8,27.7,51.2,14.5,,0.7,,19.7,33.3,86.8,92.87,"Rain, Overcast",0,0,2,0,0,2,2,30339
377,,30339, USA,01/13/2018,33.5,23.1,28.7,12.2,,0.0,,20.2,33.3,64.5,68.12,Partially cloudy,0,0,1,0,0,1,1,30339
378,,30339, USA,01/14/2018,38.5,16.9,26.8,7.1,,0.0,,11.7,,20.0,56.75,Clear,0,0,1,0,0,1,1,30339
379,,30339, USA,01/15/2018,46.7,24.2,33.6,21.8,,0.0,,6.3,,24.8,58.67,Clear,0,2,1,0,0,3,3,30339
380,,30339, USA,01/16/2018,48.8,25.5,34.8,15.4,,0.0,,13.4,,57.9,71.65,Partially cloudy,0,0,0,0,0,0,0,30339
381,,30339, USA,01/17/2018,24.7,13.3,19.2,-1.5,,0.0,,20.0,33.3,30.2,65.63,Partially cloudy,0,0,1,0,0,1,1,30339
382,,30339, USA,01/18/2018,39.6,14.4,25.3,0.9,,0.0,,12.2,,0.0,52.86,Clear,0,0,0,0,0,0,0,30339
383,,30339, USA,01/19/2018,52.0,23.4,35.1,16.5,,0.0,,10.4,,7.5,40.12,Clear,0,0,2,0,1,1,2,30339
384,,30339, USA,01/20/2018,60.8,27.8,42.2,23.2,,0.0,,11.4,,26.5,55.96,Partially cloudy,0,0,0,0,0,0,0,30339
385,,30339, USA,01/21/2018,67.9,33.2,49.0,,,0.0,,7.8,,0.0,70.02,Clear,0,0,1,0,0,1,1,30339
386,,30339, USA,01/22/2018,60.8,41.6,52.2,40.4,,0.3,,12.7,,54.7,88.42,"Rain, Partially cloudy",0,0,3,0,0,3,3,30339
387,,30339, USA,01/23/2018,61.3,41.4,50.8,35.3,,0.0,,18.0,32.2,49.3,57.71,Partially cloudy,0,0,1,0,1,0,1,30339
388,,30339, USA,01/24/2018,52.1,34.8,41.9,27.9,,0.0,,16.9,,18.0,52.67,Clear,0,1,0,0,0,1,1,30339
389,,30339, USA,01/25/2018,56.7,29.6,42.9,25.5,,0.0,,7.7,,10.0,48.03,Clear,0,0,0,0,0,0,0,30339
390,,30339, USA,01/26/2018,56.9,30.2,43.3,29.8,,0.0,,14.5,,45.6,50.37,Partially cloudy,0,0,2,0,0,2,2,30339
391,,30339, USA,01/27/2018,56.5,48.2,51.5,46.1,,0.1,,11.2,,93.4,72.76,"Rain, Overcast",0,0,0,0,0,0,0,30339
392,,30339, USA,01/28/2018,54.4,51.2,52.8,,,1.0,,6.0,,89.4,98.59,"Rain, Overcast",0,0,1,0,0,1,1,30339
393,,30339, USA,01/29/2018,56.5,44.0,50.2,36.9,,0.0,,17.0,31.4,47.2,64.73,Partially cloudy,0,2,5,0,1,6,7,30339
394,,30339, USA,01/30/2018,44.4,30.0,36.7,20.6,,0.0,,17.1,32.2,29.2,48.16,Partially cloudy,0,0,1,0,0,1,1,30339
395,,30339, USA,01/31/2018,55.2,25.8,39.4,23.3,,0.0,,10.7,,17.7,47.36,Clear,0,1,1,0,0,2,2,30339
396,,30339, USA,02/01/2018,62.8,35.2,50.7,41.1,,0.0,,19.1,,84.2,62.78,Overcast,0,0,2,0,0,2,2,30339
397,,30339, USA,02/02/2018,43.9,30.0,36.1,21.1,,0.1,,17.6,34.0,47.3,53.47,"Rain, Partially cloudy",0,0,2,1,0,3,3,30339
398,,30339, USA,02/03/2018,47.8,29.0,37.9,23.7,,0.0,,12.4,,64.0,36.77,Partially cloudy,0,0,2,0,0,2,2,30339
399,,30339, USA,02/04/2018,46.9,34.1,41.3,26.4,,1.6,,12.7,,96.6,83.78,"Rain, Overcast",0,0,0,0,0,0,0,30339
400,,30339, USA,02/05/2018,49.7,34.9,40.8,27.7,,0.0,,12.9,,18.9,69.68,Clear,0,1,0,0,0,1,1,30339
401,,30339, USA,02/06/2018,66.5,33.0,49.6,38.7,,0.0,,7.0,,77.4,61.87,Overcast,0,0,1,0,0,1,1,30339
402,,30339, USA,02/07/2018,60.5,40.8,55.2,33.4,,1.3,,14.9,29.8,91.3,88.3,"Rain, Overcast",0,0,1,0,1,0,1,30339
403,,30339, USA,02/08/2018,56.0,32.4,42.6,25.0,,0.0,,13.3,,24.9,63.41,Clear,0,1,1,0,0,2,2,30339
404,,30339, USA,02/09/2018,62.2,31.7,47.9,36.7,,0.2,,13.8,,56.8,65.7,"Rain, Partially cloudy",0,0,0,0,0,0,0,30339
405,,30339, USA,02/10/2018,64.0,49.9,55.5,48.1,,0.3,,8.5,,77.8,97.89,"Rain, Overcast",0,0,1,0,0,1,1,30339
406,,30339, USA,02/11/2018,65.8,61.4,63.7,,,1.1,,11.9,,98.3,94.89,"Rain, Overcast",0,0,0,0,0,0,0,30339
407,,30339, USA,02/12/2018,61.1,47.4,55.0,45.6,,0.1,,11.1,,99.4,88.47,"Rain, Overcast",0,0,0,0,0,0,0,30339
408,,30339, USA,02/13/2018,54.4,46.6,49.9,41.6,,0.0,,12.5,,99.4,76.11,Overcast,0,0,0,0,0,0,0,30339
409,,30339, USA,02/14/2018,58.7,46.9,53.3,45.9,,0.0,,7.4,,97.2,86.48,Overcast,0,0,2,0,0,2,2,30339
410,,30339, USA,02/15/2018,68.1,57.6,62.8,,,0.0,,9.1,,84.6,89.87,Overcast,0,1,0,0,0,1,1,30339
411,,30339, USA,02/16/2018,74.9,52.6,65.0,,,0.0,,18.0,32.2,86.2,79.75,Overcast,0,0,0,0,0,0,0,30339
412,,30339, USA,02/17/2018,75.2,49.3,59.3,47.0,,0.0,,14.8,34.4,96.0,76.7,Overcast,0,1,1,0,0,2,2,30339
413,,30339, USA,02/18/2018,69.2,46.9,57.2,44.5,,0.2,,11.8,,75.0,77.58,"Rain, Partially cloudy",0,0,0,0,0,0,0,30339
414,,30339, USA,02/19/2018,69.2,58.0,60.7,,,0.0,,8.8,,87.8,94.43,Overcast,0,0,3,0,0,3,3,30339
415,,30339, USA,02/20/2018,74.3,56.7,65.3,,,0.0,,9.7,,93.1,85.17,Overcast,0,0,2,0,0,2,2,30339
416,,30339, USA,02/21/2018,75.9,65.2,69.1,,,0.0,,12.3,,67.7,83.78,Partially cloudy,0,0,1,0,0,1,1,30339
417,,30339, USA,02/22/2018,79.2,61.1,69.2,,,0.0,,8.0,,46.8,76.7,Partially cloudy,0,0,2,0,0,2,2,30339
418,,30339, USA,02/23/2018,77.7,55.7,66.7,,,0.0,,9.0,,20.0,76.68,Clear,0,1,1,0,0,2,2,30339
419,,30339, USA,02/24/2018,79.3,63.5,71.1,,,0.0,,18.5,,28.2,62.56,Partially cloudy,0,0,1,0,0,1,1,30339
420,,30339, USA,02/25/2018,69.8,59.1,63.0,,,0.5,,13.5,31.1,27.1,86.5,"Rain, Partially cloudy",0,0,0,0,0,0,0,30339
421,,30339, USA,02/26/2018,64.8,48.1,57.5,46.5,,0.3,,11.0,,36.7,83.66,"Rain, Partially cloudy",0,0,0,1,0,1,1,30339
422,,30339, USA,02/27/2018,64.5,43.3,53.4,41.1,,0.0,,13.5,,16.3,64.56,Clear,0,0,0,0,0,0,0,30339
423,,30339, USA,02/28/2018,59.4,50.7,54.1,,,0.2,,10.8,,60.2,85.8,"Rain, Partially cloudy",0,0,0,0,0,0,0,30339
424,,30339, USA,03/01/2018,70.4,53.4,58.3,,,0.3,,15.0,37.3,82.3,91.21,"Rain, Overcast",0,1,1,0,0,2,2,30339
425,,30339, USA,03/02/2018,57.2,44.2,50.4,38.0,,0.0,,17.2,33.3,3.9,47.97,Clear,0,0,1,0,0,1,1,30339
426,,30339, USA,03/03/2018,62.8,37.5,49.4,32.7,,0.0,,13.9,,0.0,35.72,Clear,0,0,0,0,0,0,0,30339
427,,30339, USA,03/04/2018,66.8,33.6,50.6,33.1,,0.0,,4.1,,10.8,41.24,Clear,0,0,0,0,0,0,0,30339
428,,30339, USA,03/05/2018,58.8,39.4,51.4,,,0.0,,9.1,,80.5,57.24,Overcast,0,0,1,0,0,1,1,30339
429,,30339, USA,03/06/2018,59.3,46.5,53.5,42.5,,0.7,,9.4,,74.2,75.39,"Rain, Partially cloudy",0,1,2,0,0,3,3,30339
430,,30339, USA,03/07/2018,49.7,39.6,44.0,31.7,,0.0,,20.9,34.4,18.2,45.17,Clear,0,0,0,0,0,0,0,30339
431,,30339, USA,03/08/2018,47.9,33.4,40.0,26.9,,0.0,,19.1,30.3,36.3,49.18,Partially cloudy,0,0,1,0,0,1,1,30339
432,,30339, USA,03/09/2018,60.5,26.8,43.8,22.3,,0.0,,10.2,,28.5,45.59,Partially cloudy,0,0,0,0,0,0,0,30339
433,,30339, USA,03/10/2018,63.7,36.3,50.8,39.8,,0.0,,9.9,,59.2,72.32,Partially cloudy,0,0,1,1,0,2,2,30339
434,,30339, USA,03/11/2018,56.6,52.1,54.2,,,1.2,,9.4,,97.0,94.27,"Rain, Overcast",0,0,1,0,0,1,1,30339
435,,30339, USA,03/12/2018,51.5,38.0,45.0,28.4,,0.4,,22.7,42.8,70.4,71.28,"Rain, Partially cloudy",0,4,0,0,0,4,4,30339
436,,30339, USA,03/13/2018,53.5,33.6,43.1,25.6,,0.0,,20.1,33.3,25.6,50.53,Partially cloudy,0,0,0,0,0,0,0,30339
437,,30339, USA,03/14/2018,50.8,33.9,41.9,25.8,,0.0,,17.8,31.1,0.8,40.53,Clear,0,0,0,0,0,0,0,30339
438,,30339, USA,03/15/2018,67.2,31.2,49.1,28.1,,0.0,,19.7,,1.7,39.82,Clear,0,0,1,0,0,1,1,30339
439,,30339, USA,03/16/2018,69.2,40.4,55.6,43.2,,0.0,,13.0,,37.1,47.48,Partially cloudy,0,0,0,0,0,0,0,30339
440,,30339, USA,03/17/2018,74.1,52.7,61.8,,,0.2,,14.4,,73.4,74.98,"Rain, Partially cloudy",0,0,0,0,0,0,0,30339
441,,30339, USA,03/18/2018,74.7,56.1,65.0,,,0.0,,9.8,,51.6,54.66,Partially cloudy,0,1,0,0,0,1,1,30339
442,,30339, USA,03/19/2018,62.4,55.9,58.9,,,0.2,,11.1,,93.8,92.46,"Rain, Overcast",0,0,1,0,1,0,1,30339
443,,30339, USA,03/20/2018,66.1,47.9,57.1,40.6,,1.3,,21.7,38.2,73.2,85.21,"Rain, Partially cloudy",0,1,1,0,1,1,2,30339
444,,30339, USA,03/21/2018,49.5,36.6,42.5,27.3,,0.0,,22.9,35.7,77.7,58.6,Overcast,0,0,1,0,0,1,1,30339
445,,30339, USA,03/22/2018,56.6,31.2,44.3,23.7,,0.0,,16.8,35.6,1.7,48.64,Clear,0,1,1,0,0,2,2,30339
446,,30339, USA,03/23/2018,63.0,34.6,49.9,31.5,,0.0,,10.5,,52.7,47.66,Partially cloudy,0,1,0,0,0,1,1,30339
447,,30339, USA,03/24/2018,72.6,49.8,59.9,,,0.0,,12.2,,95.4,59.85,Overcast,0,0,0,0,0,0,0,30339
448,,30339, USA,03/25/2018,59.2,42.1,46.7,37.2,,0.7,,15.3,,96.9,85.96,"Rain, Overcast",0,0,1,0,0,1,1,30339
449,,30339, USA,03/26/2018,48.5,44.7,46.8,38.0,,0.0,,16.3,,91.7,56.82,Overcast,0,0,0,0,0,0,0,30339
450,,30339, USA,03/27/2018,57.5,45.0,50.0,39.4,,0.0,,11.4,,92.8,72.78,Overcast,0,0,4,0,0,4,4,30339
451,,30339, USA,03/28/2018,76.0,46.9,61.4,46.2,,0.0,,15.6,,55.6,70.7,Partially cloudy,0,0,0,0,0,0,0,30339
452,,30339, USA,03/29/2018,74.3,58.6,65.8,,,0.9,,20.7,38.2,65.3,72.32,"Rain, Partially cloudy",0,0,2,0,0,2,2,30339
453,,30339, USA,03/30/2018,63.6,51.6,58.8,,,0.0,,16.1,,68.1,70.69,Partially cloudy,0,0,1,0,0,1,1,30339
454,,30339, USA,03/31/2018,67.9,38.6,54.1,40.8,,0.0,,12.2,,18.6,54.17,Clear,0,0,0,0,0,0,0,30339
455,,30339, USA,04/01/2018,76.6,41.9,60.1,,,0.0,,10.1,,36.0,53.18,Partially cloudy,0,0,2,0,0,2,2,30339
456,,30339, USA,04/02/2018,80.6,54.6,67.6,,79.1,0.0,,11.3,,38.3,42.7,Partially cloudy,0,0,2,0,0,2,2,30339
457,,30339, USA,04/03/2018,79.6,53.9,66.8,,,0.0,,13.6,,52.6,63.92,Partially cloudy,0,0,0,0,0,0,0,30339
458,,30339, USA,04/04/2018,71.0,48.7,58.1,43.8,,0.2,,19.2,36.5,52.7,56.7,"Rain, Partially cloudy",0,2,3,0,1,4,5,30339
459,,30339, USA,04/05/2018,65.8,36.3,51.5,33.3,,0.0,,10.3,31.1,29.1,41.65,Partially cloudy,0,1,1,0,0,2,2,30339
460,,30339, USA,04/06/2018,72.9,44.7,58.3,,,0.0,,13.0,,75.8,52.65,Overcast,0,0,2,0,0,2,2,30339
461,,30339, USA,04/07/2018,57.9,40.1,52.2,33.0,,0.1,,15.8,,86.5,84.97,"Rain, Overcast",0,0,0,0,0,0,0,30339
462,,30339, USA,04/08/2018,55.2,36.9,44.8,29.6,,0.0,,15.6,,90.5,71.19,Overcast,0,0,0,0,0,0,0,30339
463,,30339, USA,04/09/2018,59.5,45.8,51.3,42.8,,0.0,,7.7,,87.9,79.41,Overcast,0,0,4,0,0,4,4,30339
464,,30339, USA,04/10/2018,68.4,49.3,57.0,48.6,,0.0,,10.7,,52.7,62.77,Partially cloudy,0,0,0,0,0,0,0,30339
465,,30339, USA,04/11/2018,69.7,43.0,56.4,39.7,,0.0,,11.9,,19.1,46.64,Clear,0,3,4,0,2,5,7,30339
466,,30339, USA,04/12/2018,76.7,45.0,61.4,,,0.0,,9.9,,18.0,49.95,Clear,0,0,1,0,0,1,1,30339
467,,30339, USA,04/13/2018,80.0,49.3,66.7,,,0.0,,14.5,,37.5,53.85,Partially cloudy,0,0,1,0,0,1,1,30339
468,,30339, USA,04/14/2018,79.8,62.0,71.8,,,0.0,,14.1,,70.8,63.16,Partially cloudy,0,0,2,0,0,2,2,30339
469,,30339, USA,04/15/2018,73.5,45.0,59.0,38.7,,1.2,,16.5,34.4,90.4,79.2,"Rain, Overcast",0,0,2,0,0,2,2,30339
470,,30339, USA,04/16/2018,51.5,38.6,43.2,30.5,,0.0,,21.0,32.2,73.1,65.03,Partially cloudy,0,0,2,0,0,2,2,30339
471,,30339, USA,04/17/2018,75.4,32.9,53.7,27.1,,0.0,,15.6,,0.0,52.82,Clear,0,0,1,0,0,1,1,30339
472,,30339, USA,04/18/2018,83.1,47.3,67.0,,80.7,0.0,,18.4,33.3,19.1,48.75,Clear,0,1,1,0,0,2,2,30339
473,,30339, USA,04/19/2018,69.1,50.7,61.2,,,0.0,,17.0,33.3,22.7,50.91,Clear,0,1,1,0,0,2,2,30339
474,,30339, USA,04/20/2018,67.8,38.8,53.3,40.4,,0.0,,11.4,,6.7,45.03,Clear,0,0,0,0,0,0,0,30339
475,,30339, USA,04/21/2018,71.3,41.1,57.6,,,0.0,,16.3,,46.6,52.24,Partially cloudy,0,0,0,0,0,0,0,30339
476,,30339, USA,04/22/2018,61.5,58.1,59.6,,,0.5,,20.9,33.3,95.7,81.0,"Rain, Overcast",0,0,0,0,0,0,0,30339
477,,30339, USA,04/23/2018,64.4,57.5,59.9,,,2.9,,13.9,30.3,99.9,93.94,"Rain, Overcast",0,0,1,0,0,1,1,30339
478,,30339, USA,04/24/2018,68.2,58.5,61.6,,,0.3,,14.5,,93.4,84.89,"Rain, Overcast",0,0,1,0,1,0,1,30339
479,,30339, USA,04/25/2018,65.9,54.6,59.9,,,0.0,,15.6,,62.1,75.38,Partially cloudy,0,7,2,0,0,9,9,30339
480,,30339, USA,04/26/2018,60.0,47.7,55.0,47.8,,0.2,,10.6,,59.4,87.62,"Rain, Partially cloudy",0,0,3,0,1,2,3,30339
481,,30339, USA,04/27/2018,71.5,51.5,60.2,,,0.0,,13.0,,43.5,67.11,Partially cloudy,0,2,1,0,0,3,3,30339
482,,30339, USA,04/28/2018,77.3,51.1,64.0,,,0.0,,15.3,,13.6,53.32,Clear,0,0,0,0,0,0,0,30339
483,,30339, USA,04/29/2018,69.8,49.4,60.6,47.1,,0.0,,10.6,,7.5,36.97,Clear,0,0,0,0,0,0,0,30339
484,,30339, USA,04/30/2018,74.6,43.4,59.6,,,0.0,,6.6,,3.3,47.47,Clear,0,0,1,0,0,1,1,30339
485,,30339, USA,05/01/2018,80.0,46.4,64.5,,,0.0,,8.8,,13.1,59.35,Clear,0,0,0,0,0,0,0,30339
486,,30339, USA,05/02/2018,82.8,54.0,69.0,,81.2,0.0,,7.3,,22.0,58.83,Clear,0,1,2,0,0,3,3,30339
487,,30339, USA,05/03/2018,82.7,56.7,70.2,,81.3,0.0,,8.1,,39.9,57.17,Partially cloudy,0,1,1,0,0,2,2,30339
488,,30339, USA,05/04/2018,82.7,55.3,70.3,,82.2,0.0,,9.3,,37.9,62.0,Partially cloudy,0,2,1,0,0,3,3,30339
489,,30339, USA,05/05/2018,78.4,63.2,71.2,,,0.0,,8.6,,55.7,68.45,Partially cloudy,0,0,1,1,0,2,2,30339
490,,30339, USA,05/06/2018,78.8,60.8,68.9,,,0.0,,18.3,33.3,47.0,61.52,Partially cloudy,0,0,0,0,0,0,0,30339
491,,30339, USA,05/07/2018,82.3,59.1,71.9,,80.6,0.0,,12.5,,26.6,49.74,Partially cloudy,0,1,2,0,0,3,3,30339
492,,30339, USA,05/08/2018,78.9,59.4,67.5,,,0.1,,11.4,,41.0,67.94,"Rain, Partially cloudy",0,0,1,0,0,1,1,30339
493,,30339, USA,05/09/2018,84.6,57.8,70.8,,82.6,0.0,,8.8,,34.1,63.37,Partially cloudy,0,0,0,0,0,0,0,30339
494,,30339, USA,05/10/2018,86.8,59.5,71.9,,85.7,0.1,,18.5,32.2,39.2,66.4,"Rain, Partially cloudy",0,0,1,0,0,1,1,30339
495,,30339, USA,05/11/2018,87.1,59.5,73.5,,86.6,0.0,,8.6,,19.5,69.55,Clear,0,1,4,0,0,5,5,30339
496,,30339, USA,05/12/2018,88.4,63.2,76.6,,86.9,0.0,,9.9,,16.0,60.48,Clear,0,0,2,0,0,2,2,30339
497,,30339, USA,05/13/2018,89.2,62.0,76.7,,87.6,0.0,,10.4,,9.7,57.56,Clear,0,0,0,0,0,0,0,30339
498,,30339, USA,05/14/2018,89.1,65.6,78.2,,89.1,0.0,,7.6,,43.3,61.45,Partially cloudy,0,0,1,0,0,1,1,30339
499,,30339, USA,05/15/2018,79.5,70.1,74.7,,,0.1,,10.7,,68.7,71.28,"Rain, Partially cloudy",0,0,0,0,0,0,0,30339
500,,30339, USA,05/16/2018,75.6,68.3,70.9,,,2.0,,7.7,,85.9,89.76,"Rain, Overcast",0,0,3,0,2,1,3,30339
501,,30339, USA,05/17/2018,78.3,68.2,71.8,,,0.3,,6.8,,80.3,86.71,"Rain, Overcast",0,1,1,0,0,2,2,30339
502,,30339, USA,05/18/2018,81.9,66.3,72.4,,84.0,0.1,,12.2,,61.0,83.84,"Rain, Partially cloudy",0,0,1,0,1,0,1,30339
503,,30339, USA,05/19/2018,85.6,69.7,75.6,,87.4,0.1,,9.5,,72.7,76.64,"Rain, Partially cloudy",0,0,0,0,0,0,0,30339
504,,30339, USA,05/20/2018,87.2,67.2,74.7,,89.2,1.3,,9.6,47.2,48.6,78.39,"Rain, Partially cloudy",0,0,0,0,0,0,0,30339
505,,30339, USA,05/21/2018,81.0,64.8,73.6,,82.6,0.0,,13.3,,68.3,71.66,Partially cloudy,0,0,1,0,0,1,1,30339
506,,30339, USA,05/22/2018,82.8,68.9,72.8,,85.7,0.5,,8.2,31.1,79.6,82.98,"Rain, Overcast",0,0,0,0,0,0,0,30339
507,,30339, USA,05/23/2018,82.1,68.4,73.7,,85.1,0.6,,8.2,,88.0,85.41,"Rain, Overcast",0,0,2,0,0,2,2,30339
508,,30339, USA,05/24/2018,85.3,69.6,75.9,,87.9,0.0,,8.8,31.1,76.6,77.8,Overcast,0,0,0,0,0,0,0,30339
509,,30339, USA,05/25/2018,82.1,69.5,74.7,,84.9,0.0,,9.2,,85.9,80.62,Overcast,0,0,0,0,0,0,0,30339
510,,30339, USA,05/26/2018,84.1,69.2,76.0,,87.0,0.0,,7.9,,69.6,78.08,Partially cloudy,0,0,0,0,0,0,0,30339
511,,30339, USA,05/27/2018,81.4,68.6,75.5,,84.6,0.0,,13.3,,62.1,76.86,Partially cloudy,0,0,0,0,0,0,0,30339
512,,30339, USA,05/28/2018,80.5,68.1,72.4,,84.8,0.6,,14.2,,90.8,91.1,"Rain, Overcast",0,0,0,0,0,0,0,30339
513,,30339, USA,05/29/2018,82.2,69.8,74.1,,86.4,0.6,,14.8,49.4,88.6,89.34,"Rain, Overcast",0,1,5,0,0,6,6,30339
514,,30339, USA,05/30/2018,81.7,71.2,75.7,,85.6,0.1,,12.2,,70.9,83.7,"Rain, Partially cloudy",0,2,0,0,0,2,2,30339
515,,30339, USA,05/31/2018,86.2,70.2,77.1,,91.8,0.0,,8.9,,53.7,81.14,Partially cloudy,0,0,0,0,0,0,0,30339
516,,30339, USA,06/01/2018,85.3,66.7,72.2,,91.6,1.1,,15.7,37.8,59.4,87.72,"Rain, Partially cloudy",0,0,1,0,0,1,1,30339
517,,30339, USA,06/02/2018,87.8,67.9,77.1,,92.5,0.1,,11.9,,56.2,78.5,"Rain, Partially cloudy",0,0,2,0,0,2,2,30339
518,,30339, USA,06/03/2018,90.1,71.1,80.3,,96.8,0.0,,11.1,,44.2,73.76,Partially cloudy,0,0,0,0,0,0,0,30339
519,,30339, USA,06/04/2018,83.2,65.3,75.3,,81.9,0.0,,14.4,,15.0,53.12,Clear,0,0,2,0,1,1,2,30339
520,,30339, USA,06/05/2018,80.5,61.2,71.6,,80.5,0.0,,9.3,,40.5,60.15,Partially cloudy,0,0,0,0,0,0,0,30339
521,,30339, USA,06/06/2018,89.1,60.3,75.8,,86.8,0.0,,9.4,,12.5,57.86,Clear,0,0,4,4,1,7,8,30339
522,,30339, USA,06/07/2018,88.0,65.5,78.0,,87.7,0.0,,6.6,,26.3,59.28,Partially cloudy,0,0,0,0,0,0,0,30339
523,,30339, USA,06/08/2018,85.4,69.4,75.2,,88.9,0.5,,8.9,35.6,47.7,76.59,"Rain, Partially cloudy",0,0,2,0,0,2,2,30339
524,,30339, USA,06/09/2018,85.8,67.2,76.5,,90.6,0.0,,8.1,,46.7,77.42,Partially cloudy,0,0,0,0,0,0,0,30339
525,,30339, USA,06/10/2018,86.3,67.6,76.6,,89.6,0.2,,10.6,,45.0,75.17,"Rain, Partially cloudy",0,0,1,0,0,1,1,30339
526,,30339, USA,06/11/2018,86.0,69.3,74.3,,90.1,0.5,,12.8,,53.6,81.33,"Rain, Partially cloudy",0,0,1,0,0,1,1,30339
527,,30339, USA,06/12/2018,80.7,67.0,73.3,,83.8,0.0,,9.9,,54.0,84.91,Partially cloudy,0,0,2,0,0,2,2,30339
528,,30339, USA,06/13/2018,85.9,70.9,76.1,,90.1,0.1,,8.7,,81.3,81.07,"Rain, Overcast",0,1,0,0,0,1,1,30339
529,,30339, USA,06/14/2018,85.1,70.9,77.2,,89.0,0.1,,7.8,,56.1,80.46,"Rain, Partially cloudy",0,0,4,0,0,4,4,30339
530,,30339, USA,06/15/2018,91.4,70.9,80.9,,94.2,0.0,,7.8,,43.0,71.78,Partially cloudy,0,0,1,0,1,0,1,30339
531,,30339, USA,06/16/2018,89.3,72.6,79.6,,94.4,0.4,,7.5,,44.6,77.8,"Rain, Partially cloudy",0,0,0,0,0,0,0,30339
532,,30339, USA,06/17/2018,87.3,70.4,77.3,,92.1,0.4,,8.0,,66.4,80.6,"Rain, Partially cloudy",0,0,0,0,0,0,0,30339
533,,30339, USA,06/18/2018,90.9,70.1,80.3,,96.0,0.0,,8.7,,29.9,70.84,Partially cloudy,0,0,1,0,0,1,1,30339
534,,30339, USA,06/19/2018,92.6,74.4,83.4,,97.7,0.0,,10.9,,29.7,65.41,Partially cloudy,0,0,1,0,1,0,1,30339
535,,30339, USA,06/20/2018,91.1,74.7,83.2,,92.3,0.0,,13.6,,28.7,60.86,Partially cloudy,0,0,0,0,0,0,0,30339
536,,30339, USA,06/21/2018,87.0,73.7,79.6,,93.7,0.1,,12.0,,63.1,75.47,"Rain, Partially cloudy",0,0,0,0,0,0,0,30339
537,,30339, USA,06/22/2018,88.9,70.4,76.3,,91.1,0.9,,17.7,41.4,46.9,79.83,"Rain, Partially cloudy",0,0,1,0,0,1,1,30339
538,,30339, USA,06/23/2018,85.0,71.2,76.7,,89.3,0.1,,11.9,,71.6,81.8,"Rain, Partially cloudy",0,0,1,0,0,1,1,30339
539,,30339, USA,06/24/2018,91.1,72.0,81.2,,98.3,0.1,,10.8,,43.2,75.43,"Rain, Partially cloudy",0,0,0,0,0,0,0,30339
540,,30339, USA,06/25/2018,88.8,70.5,77.8,,97.4,0.5,,11.1,35.5,44.9,81.79,"Rain, Partially cloudy",0,0,2,0,0,2,2,30339
541,,30339, USA,06/26/2018,90.9,68.1,79.2,,97.9,0.1,,7.3,,48.5,77.27,"Rain, Partially cloudy",0,1,3,0,0,4,4,30339
542,,30339, USA,06/27/2018,89.1,69.6,76.5,,95.6,0.3,,22.2,40.9,49.5,79.79,"Rain, Partially cloudy",0,0,2,0,0,2,2,30339
543,,30339, USA,06/28/2018,77.8,68.8,70.5,,,0.5,,11.2,36.7,60.8,91.64,"Rain, Partially cloudy",0,1,0,0,0,1,1,30339
544,,30339, USA,06/29/2018,88.9,66.7,76.6,,94.6,0.2,,7.1,,57.8,79.88,"Rain, Partially cloudy",0,0,2,0,0,2,2,30339
545,,30339, USA,06/30/2018,89.4,72.5,80.6,,95.5,0.0,,9.2,,34.3,76.46,Partially cloudy,0,0,0,0,0,0,0,30339
546,,30339, USA,07/01/2018,85.2,72.4,78.4,,90.8,0.2,,12.5,,59.6,80.18,"Rain, Partially cloudy",0,0,0,0,0,0,0,30339
547,,30339, USA,07/02/2018,87.2,72.9,79.1,,92.8,0.0,,11.5,,73.3,79.55,Partially cloudy,0,0,1,0,0,1,1,30339
548,,30339, USA,07/03/2018,90.8,72.7,82.4,,95.3,0.0,,9.6,,47.6,69.43,Partially cloudy,0,0,2,0,0,2,2,30339
549,,30339, USA,07/04/2018,88.9,72.7,80.2,,94.3,0.4,,10.5,,53.0,75.97,"Rain, Partially cloudy",0,0,1,0,0,1,1,30339
550,,30339, USA,07/05/2018,87.2,73.6,80.1,,92.8,0.0,,8.7,,56.1,76.9,Partially cloudy,0,0,2,0,1,1,2,30339
551,,30339, USA,07/06/2018,88.6,72.6,78.4,,94.2,1.2,,11.3,39.1,55.5,78.59,"Rain, Partially cloudy",0,0,0,0,0,0,0,30339
552,,30339, USA,07/07/2018,85.0,71.0,76.2,,89.6,0.5,,10.4,,64.1,82.05,"Rain, Partially cloudy",0,0,3,0,1,2,3,30339
553,,30339, USA,07/08/2018,83.5,69.0,76.0,,85.2,0.0,,14.2,,63.5,70.99,Partially cloudy,0,0,0,0,0,0,0,30339
554,,30339, USA,07/09/2018,88.1,65.7,77.4,,88.9,0.0,,5.6,,16.9,63.91,Clear,0,1,6,0,1,6,7,30339
555,,30339, USA,07/10/2018,90.2,69.7,80.6,,93.3,0.0,,8.3,,29.3,67.24,Partially cloudy,0,1,2,0,0,3,3,30339
556,,30339, USA,07/11/2018,92.6,72.5,82.8,,97.4,0.0,,9.2,,37.6,66.96,Partially cloudy,0,0,0,0,0,0,0,30339
557,,30339, USA,07/12/2018,92.5,75.5,83.7,,97.7,0.0,,8.2,,43.7,67.75,Partially cloudy,0,0,2,0,0,2,2,30339
558,,30339, USA,07/13/2018,88.7,75.1,80.4,,96.5,0.0,,10.9,,64.0,79.91,Partially cloudy,0,0,0,0,0,0,0,30339
559,,30339, USA,07/14/2018,86.4,74.6,78.4,,93.2,1.1,,13.6,,81.0,84.09,"Rain, Overcast",0,0,2,0,0,2,2,30339
560,,30339, USA,07/15/2018,89.5,73.7,80.1,,95.4,0.3,,8.6,,65.4,77.55,"Rain, Partially cloudy",0,0,0,0,0,0,0,30339
561,,30339, USA,07/16/2018,85.8,73.7,78.1,,94.4,0.8,,8.7,31.1,65.3,86.95,"Rain, Partially cloudy",0,0,0,0,0,0,0,30339
562,,30339, USA,07/17/2018,90.4,72.4,80.0,,95.5,0.0,,10.1,,70.9,78.64,Partially cloudy,0,0,0,0,0,0,0,30339
563,,30339, USA,07/18/2018,91.5,73.5,81.9,,96.9,0.0,,7.3,,51.1,70.9,Partially cloudy,0,0,0,0,0,0,0,30339
564,,30339, USA,07/19/2018,89.4,72.7,79.3,,96.0,0.0,,13.8,,51.5,76.21,Partially cloudy,0,0,0,0,0,0,0,30339
565,,30339, USA,07/20/2018,86.0,73.9,79.0,,90.0,0.0,,11.3,,77.2,74.54,Overcast,0,0,1,0,0,1,1,30339
566,,30339, USA,07/21/2018,87.1,67.3,77.9,,93.2,1.1,,10.1,33.7,54.0,77.92,"Rain, Partially cloudy",0,0,2,0,0,2,2,30339
567,,30339, USA,07/22/2018,86.2,69.4,76.5,,87.5,0.2,,13.4,,39.1,73.52,"Rain, Partially cloudy",0,0,0,0,0,0,0,30339
568,,30339, USA,07/23/2018,85.1,67.9,74.8,,87.2,0.4,,6.0,,73.1,79.29,"Rain, Partially cloudy",0,0,0,0,0,0,0,30339
569,,30339, USA,07/24/2018,83.5,70.4,75.7,,87.0,0.6,,7.0,,67.1,81.91,"Rain, Partially cloudy",0,0,3,0,2,1,3,30339
570,,30339, USA,07/25/2018,88.0,70.4,78.7,,91.4,0.0,,12.1,,30.7,72.25,Partially cloudy,0,0,0,0,0,0,0,30339
571,,30339, USA,07/26/2018,89.7,69.0,79.0,,87.8,0.0,,7.4,,27.4,63.88,Partially cloudy,0,0,0,0,0,0,0,30339
572,,30339, USA,07/27/2018,89.5,67.1,78.9,,91.4,0.0,,9.6,,35.0,66.84,Partially cloudy,0,0,0,0,0,0,0,30339
573,,30339, USA,07/28/2018,88.2,70.3,79.4,,87.2,0.0,,11.0,,36.5,59.32,Partially cloudy,0,0,0,0,0,0,0,30339
574,,30339, USA,07/29/2018,88.9,65.3,77.4,,88.0,0.0,,6.0,,31.9,62.3,Partially cloudy,0,0,0,0,0,0,0,30339
575,,30339, USA,07/30/2018,86.7,70.7,77.4,,91.2,0.1,,7.8,,56.3,79.59,"Rain, Partially cloudy",0,0,0,0,0,0,0,30339
576,,30339, USA,07/31/2018,82.9,69.7,73.8,,88.6,2.1,,9.5,,59.5,89.98,"Rain, Partially cloudy",0,0,0,0,0,0,0,30339
577,,30339, USA,08/01/2018,75.8,69.7,72.0,,,1.4,,8.7,,81.9,95.35,"Rain, Overcast",0,0,1,0,0,1,1,30339
578,,30339, USA,08/02/2018,75.7,70.1,71.9,,,1.2,,8.0,,96.0,95.29,"Rain, Overcast",0,1,2,0,1,2,3,30339
579,,30339, USA,08/03/2018,85.6,70.3,76.7,,89.0,0.5,,7.3,,82.4,80.6,"Rain, Overcast",0,0,0,0,0,0,0,30339
580,,30339, USA,08/04/2018,86.3,69.5,77.9,,91.7,0.2,,5.6,,48.7,80.27,"Rain, Partially cloudy",0,0,0,0,0,0,0,30339
581,,30339, USA,08/05/2018,88.9,71.2,79.7,,94.8,0.0,,5.9,,37.0,78.91,Partially cloudy,0,0,0,0,0,0,0,30339
582,,30339, USA,08/06/2018,92.5,73.3,82.6,,98.6,0.0,,10.2,,30.1,73.01,Partially cloudy,0,0,2,0,0,2,2,30339
583,,30339, USA,08/07/2018,91.3,74.1,80.7,,96.3,0.2,,17.5,,42.2,75.58,"Rain, Partially cloudy",0,1,1,0,0,2,2,30339
584,,30339, USA,08/08/2018,90.4,71.4,78.9,,96.5,0.1,,10.8,,54.9,77.11,"Rain, Partially cloudy",0,0,0,0,0,0,0,30339
585,,30339, USA,08/09/2018,87.0,70.8,75.7,,93.8,1.5,,10.7,41.4,53.5,86.54,"Rain, Partially cloudy",0,0,4,0,0,4,4,30339
586,,30339, USA,08/10/2018,87.7,70.5,77.7,,92.4,0.0,,8.9,,72.8,80.04,Partially cloudy,0,0,2,0,0,2,2,30339
587,,30339, USA,08/11/2018,86.7,73.2,78.9,,90.6,0.0,,11.8,,55.9,76.55,Partially cloudy,0,0,1,0,0,1,1,30339
588,,30339, USA,08/12/2018,88.7,70.5,79.3,,94.5,0.0,,9.7,,41.2,73.5,Partially cloudy,0,0,4,0,2,2,4,30339
589,,30339, USA,08/13/2018,87.5,69.4,78.1,,88.1,0.0,,8.4,,21.4,70.95,Clear,0,0,0,0,0,0,0,30339
590,,30339, USA,08/14/2018,88.3,67.1,77.7,,89.3,0.0,,9.7,,26.0,69.11,Partially cloudy,0,1,0,0,0,1,1,30339
591,,30339, USA,08/15/2018,89.9,67.8,78.7,,91.8,0.0,,5.5,,41.4,69.3,Partially cloudy,0,0,1,1,1,1,2,30339
592,,30339, USA,08/16/2018,89.7,70.1,80.2,,93.6,0.0,,9.8,,38.4,72.58,Partially cloudy,0,0,1,0,1,0,1,30339
593,,30339, USA,08/17/2018,85.5,73.2,78.2,,91.5,0.0,,8.9,,72.2,80.49,Partially cloudy,0,0,0,0,0,0,0,30339
594,,30339, USA,08/18/2018,84.7,73.1,76.4,,90.3,0.5,,11.3,,89.0,87.05,"Rain, Overcast",0,0,0,0,0,0,0,30339
595,,30339, USA,08/19/2018,83.3,72.7,76.6,,88.3,0.1,,9.2,,87.6,85.68,"Rain, Overcast",0,0,0,0,0,0,0,30339
596,,30339, USA,08/20/2018,83.7,71.9,75.6,,88.8,0.3,,8.1,,77.6,87.48,"Rain, Overcast",0,0,0,0,0,0,0,30339
597,,30339, USA,08/21/2018,84.7,72.1,77.0,,91.3,0.5,,12.8,,85.8,84.78,"Rain, Overcast",0,0,1,0,0,1,1,30339
598,,30339, USA,08/22/2018,82.6,68.5,75.7,,85.1,0.1,,13.8,,56.7,75.77,"Rain, Partially cloudy",0,0,7,0,0,7,7,30339
599,,30339, USA,08/23/2018,83.9,65.5,75.0,,84.6,0.0,,8.0,,33.8,69.07,Partially cloudy,0,1,1,0,0,2,2,30339
600,,30339, USA,08/24/2018,81.0,63.3,72.4,,82.1,0.0,,11.7,,48.5,67.09,Partially cloudy,0,0,5,0,0,5,5,30339
601,,30339, USA,08/25/2018,85.7,65.1,74.6,,86.8,0.0,,7.9,,33.3,65.61,Partially cloudy,0,0,2,0,0,2,2,30339
602,,30339, USA,08/26/2018,87.6,67.1,77.4,,89.5,0.0,,6.1,,26.3,70.21,Partially cloudy,0,0,0,0,0,0,0,30339
603,,30339, USA,08/27/2018,89.0,69.4,79.3,,93.0,0.0,,7.7,,25.9,70.85,Partially cloudy,0,1,1,0,0,2,2,30339
604,,30339, USA,08/28/2018,89.0,70.7,80.0,,92.7,0.0,,4.9,,34.2,72.72,Partially cloudy,0,0,1,0,1,0,1,30339
605,,30339, USA,08/29/2018,88.3,71.6,79.5,,92.3,0.2,,8.4,,42.6,75.54,"Rain, Partially cloudy",0,0,4,0,0,4,4,30339
606,,30339, USA,08/30/2018,87.8,68.7,77.9,,91.1,0.0,,9.4,,41.9,74.6,Partially cloudy,0,1,0,0,1,0,1,30339
607,,30339, USA,08/31/2018,87.3,71.5,78.3,,89.8,0.0,,8.4,,42.9,72.87,Partially cloudy,0,1,4,0,0,5,5,30339
608,,30339, USA,09/01/2018,89.8,70.1,79.2,,92.7,0.0,,9.6,,34.0,73.23,Partially cloudy,0,0,0,0,0,0,0,30339
609,,30339, USA,09/02/2018,89.4,72.2,80.2,,92.1,0.0,,12.5,,47.1,70.02,Partially cloudy,0,0,1,0,0,1,1,30339
610,,30339, USA,09/03/2018,88.6,71.7,79.7,,91.1,0.0,,11.6,,41.0,70.4,Partially cloudy,0,0,1,0,0,1,1,30339
611,,30339, USA,09/04/2018,86.0,71.9,78.8,,90.3,0.0,,9.5,,46.5,74.86,Partially cloudy,0,0,0,0,0,0,0,30339
612,,30339, USA,09/05/2018,85.9,72.7,78.9,,89.7,0.0,,11.5,,55.6,75.47,Partially cloudy,0,0,1,0,0,1,1,30339
613,,30339, USA,09/06/2018,86.1,74.1,79.2,,91.2,0.0,,10.0,,56.1,76.61,Partially cloudy,0,0,1,0,0,1,1,30339
614,,30339, USA,09/07/2018,89.7,70.9,79.1,,93.2,0.0,,6.8,,13.5,74.64,Clear,0,0,0,0,0,0,0,30339
615,,30339, USA,09/08/2018,88.8,71.3,79.8,,92.7,0.0,,8.0,,11.4,73.56,Clear,0,0,2,0,0,2,2,30339
616,,30339, USA,09/09/2018,87.0,71.4,78.8,,91.9,0.4,,12.7,,10.1,77.85,"Rain, Clear",0,0,0,0,0,0,0,30339
617,,30339, USA,09/10/2018,85.0,71.6,77.8,,89.6,0.0,,10.2,,22.0,80.29,Clear,0,0,2,1,0,3,3,30339
618,,30339, USA,09/11/2018,87.2,71.4,78.0,,91.7,0.0,,8.4,,65.1,81.0,Partially cloudy,0,0,0,0,0,0,0,30339
619,,30339, USA,09/12/2018,87.2,72.9,78.3,,93.0,0.3,,6.9,,58.0,82.63,"Rain, Partially cloudy",0,3,3,0,2,4,6,30339
620,,30339, USA,09/13/2018,88.5,73.2,79.7,,94.0,0.0,,7.7,,61.2,78.97,Partially cloudy,0,2,2,0,0,4,4,30339
621,,30339, USA,09/14/2018,92.8,73.1,81.9,,98.4,0.0,,11.3,,30.5,72.94,Partially cloudy,0,0,2,0,0,2,2,30339
622,,30339, USA,09/15/2018,92.0,71.6,80.1,,95.2,0.0,,10.7,,37.1,71.39,Partially cloudy,0,0,0,0,0,0,0,30339
623,,30339, USA,09/16/2018,79.7,72.7,75.9,,,0.0,,13.0,,44.7,79.39,Partially cloudy,0,0,0,0,0,0,0,30339
624,,30339, USA,09/17/2018,89.5,67.9,77.9,,94.0,0.0,,8.7,,22.6,77.26,Clear,0,0,1,0,0,1,1,30339
625,,30339, USA,09/18/2018,91.0,69.7,79.6,,94.1,0.0,,10.5,,17.5,70.57,Clear,0,0,1,0,0,1,1,30339
626,,30339, USA,09/19/2018,91.4,69.7,79.9,,91.9,0.0,,6.3,,20.2,66.1,Clear,0,0,1,0,0,1,1,30339
627,,30339, USA,09/20/2018,91.6,69.2,80.1,,93.3,0.0,,8.5,,26.4,65.29,Partially cloudy,0,0,0,0,0,0,0,30339
628,,30339, USA,09/21/2018,88.1,68.8,78.7,,88.3,0.0,,8.2,,26.3,64.9,Partially cloudy,0,1,1,0,1,1,2,30339
629,,30339, USA,09/22/2018,87.5,68.7,77.9,,90.1,0.0,,7.4,,44.2,69.55,Partially cloudy,0,0,0,0,0,0,0,30339
630,,30339, USA,09/23/2018,87.1,66.2,76.7,,87.6,0.0,,9.6,,38.4,68.3,Partially cloudy,0,0,0,0,0,0,0,30339
631,,30339, USA,09/24/2018,83.4,72.0,76.3,,86.8,0.0,,13.0,,72.3,77.34,Partially cloudy,0,1,2,0,1,2,3,30339
632,,30339, USA,09/25/2018,85.7,72.6,77.1,,89.4,0.1,,11.1,,85.8,81.14,"Rain, Overcast",0,0,2,0,0,2,2,30339
633,,30339, USA,09/26/2018,85.0,71.4,75.1,,89.6,0.3,,11.8,,69.7,88.51,"Rain, Partially cloudy",0,0,4,0,0,4,4,30339
634,,30339, USA,09/27/2018,81.7,70.1,73.4,,85.5,0.2,,9.6,31.1,81.6,91.54,"Rain, Overcast",0,0,2,0,0,2,2,30339
635,,30339, USA,09/28/2018,79.2,69.9,73.8,,,0.1,,6.1,,89.2,88.37,"Rain, Overcast",0,0,2,0,0,2,2,30339
636,,30339, USA,09/29/2018,85.4,68.8,75.9,,87.9,0.0,,7.7,,63.1,77.75,Partially cloudy,0,0,1,0,0,1,1,30339
637,,30339, USA,09/30/2018,81.7,68.8,74.4,,85.1,0.0,,8.9,,46.1,83.79,Partially cloudy,0,0,1,0,1,0,1,30339
638,,30339, USA,10/01/2018,83.1,70.0,75.1,,84.0,0.0,,9.6,,53.1,73.34,Partially cloudy,0,0,3,7,1,9,10,30339
639,,30339, USA,10/02/2018,84.5,64.6,73.7,,84.5,0.0,,5.0,,31.9,72.28,Partially cloudy,0,2,0,0,0,2,2,30339
640,,30339, USA,10/03/2018,87.0,64.7,75.1,,88.0,0.0,,6.0,,38.2,72.12,Partially cloudy,0,1,0,0,0,1,1,30339
641,,30339, USA,10/04/2018,88.1,66.6,76.7,,89.4,0.0,,7.4,,19.7,70.7,Clear,0,0,1,0,1,0,1,30339
642,,30339, USA,10/05/2018,89.8,66.9,78.1,,91.5,0.0,,6.2,,29.1,70.4,Partially cloudy,0,0,0,0,0,0,0,30339
643,,30339, USA,10/06/2018,89.4,68.9,77.9,,91.0,0.0,,5.0,,29.8,73.9,Partially cloudy,0,0,0,0,0,0,0,30339
644,,30339, USA,10/07/2018,86.9,69.3,77.4,,88.7,0.0,,11.1,,55.2,70.27,Partially cloudy,0,0,1,0,0,1,1,30339
645,,30339, USA,10/08/2018,84.1,71.0,76.6,,87.1,0.0,,15.2,,58.4,73.85,Partially cloudy,0,1,2,0,0,3,3,30339
646,,30339, USA,10/09/2018,79.4,70.3,74.0,,,0.1,,14.3,,87.7,81.95,"Rain, Overcast",0,0,2,0,1,1,2,30339
647,,30339, USA,10/10/2018,81.9,71.2,74.8,,85.9,2.3,,13.0,,94.1,89.67,"Rain, Overcast",0,0,3,0,2,1,3,30339
648,,30339, USA,10/11/2018,79.0,61.3,72.2,,,2.1,,19.4,35.6,54.9,75.8,"Rain, Partially cloudy",0,0,0,0,0,0,0,30339
649,,30339, USA,10/12/2018,71.9,50.2,60.0,,,0.0,,13.6,,23.3,61.08,Clear,0,2,1,0,1,2,3,30339
650,,30339, USA,10/13/2018,71.8,53.7,61.3,,,0.0,,10.4,,36.8,66.72,Partially cloudy,0,0,0,0,0,0,0,30339
651,,30339, USA,10/14/2018,79.1,56.7,66.4,,,0.0,,9.0,,41.9,71.21,Partially cloudy,0,1,2,0,0,3,3,30339
652,,30339, USA,10/15/2018,81.5,61.5,69.2,,84.1,0.0,,6.1,,52.2,84.45,Partially cloudy,0,0,0,0,0,0,0,30339
653,,30339, USA,10/16/2018,78.9,65.3,69.9,,,0.0,,10.6,,70.2,85.97,Partially cloudy,0,1,0,0,0,1,1,30339
654,,30339, USA,10/17/2018,72.7,60.0,65.5,,,0.0,,10.8,,71.1,70.77,Partially cloudy,0,0,0,0,0,0,0,30339
655,,30339, USA,10/18/2018,71.7,52.7,61.7,,,0.0,,9.2,,42.1,60.5,Partially cloudy,0,1,1,0,0,2,2,30339
656,,30339, USA,10/19/2018,66.1,51.3,59.2,,,0.0,,8.6,,57.4,73.03,Partially cloudy,0,2,3,0,0,5,5,30339
657,,30339, USA,10/20/2018,66.6,57.1,62.5,,,0.2,,12.1,,79.2,83.95,"Rain, Overcast",0,0,0,0,0,0,0,30339
658,,30339, USA,10/21/2018,63.0,41.2,52.4,35.6,,0.0,,16.7,31.1,0.8,49.19,Clear,0,0,0,0,0,0,0,30339
659,,30339, USA,10/22/2018,65.2,37.8,50.5,,,0.0,,9.4,,37.1,66.36,Partially cloudy,0,2,0,0,0,2,2,30339
660,,30339, USA,10/23/2018,67.3,45.3,55.1,,,0.0,,7.4,,48.8,68.32,Partially cloudy,0,6,2,0,0,8,8,30339
661,,30339, USA,10/24/2018,71.5,41.4,56.7,,,0.0,,7.3,,36.1,66.41,Partially cloudy,0,0,1,0,0,1,1,30339
662,,30339, USA,10/25/2018,57.2,47.9,53.7,42.9,,0.1,,11.7,,62.4,69.24,"Rain, Partially cloudy",0,0,0,0,0,0,0,30339
663,,30339, USA,10/26/2018,51.5,46.7,48.8,42.3,,1.0,,13.1,,100.0,95.28,"Rain, Overcast",0,1,0,1,0,2,2,30339
664,,30339, USA,10/27/2018,58.5,51.3,54.0,,,0.0,,15.0,,97.1,82.24,Overcast,0,0,1,2,0,3,3,30339
665,,30339, USA,10/28/2018,73.0,42.4,57.6,44.2,,0.0,,10.2,,23.1,75.9,Clear,0,0,3,0,1,2,3,30339
666,,30339, USA,10/29/2018,68.8,47.7,58.6,,,0.0,,13.7,,7.0,54.39,Clear,0,3,1,0,0,4,4,30339
667,,30339, USA,10/30/2018,70.1,41.9,54.8,,,0.0,,9.5,,23.5,68.14,Clear,0,1,6,0,2,5,7,30339
668,,30339, USA,10/31/2018,76.3,49.3,61.3,,,0.0,,8.4,,39.3,73.3,Partially cloudy,0,2,3,0,1,4,5,30339
669,,30339, USA,11/01/2018,68.5,60.4,63.3,,,0.3,,13.4,,68.3,86.98,"Rain, Partially cloudy",0,0,0,0,0,0,0,30339
670,,30339, USA,11/02/2018,62.4,42.8,55.6,38.6,,0.1,,18.7,29.8,84.2,86.51,"Rain, Overcast",0,2,0,0,0,2,2,30339
671,,30339, USA,11/03/2018,63.5,38.9,49.0,36.5,,0.0,,7.5,,16.1,76.58,Clear,0,0,0,0,0,0,0,30339
672,,30339, USA,11/04/2018,63.7,40.8,53.2,39.6,,0.0,,14.2,,49.5,74.72,Partially cloudy,0,0,0,0,0,0,0,30339
673,,30339, USA,11/05/2018,62.8,54.1,58.8,,,0.2,,9.5,,99.5,94.98,"Rain, Overcast",0,0,1,0,0,1,1,30339
674,,30339, USA,11/06/2018,70.2,53.3,64.4,,,0.4,,12.3,,87.4,88.15,"Rain, Overcast",0,0,0,0,0,0,0,30339
675,,30339, USA,11/07/2018,72.7,45.0,56.9,,,0.5,,12.0,,50.1,86.39,"Rain, Partially cloudy",0,0,1,0,0,1,1,30339
676,,30339, USA,11/08/2018,62.2,54.8,57.6,,,0.3,,9.3,,99.6,89.1,"Rain, Overcast",0,0,1,0,0,1,1,30339
677,,30339, USA,11/09/2018,57.1,43.3,53.6,36.0,,0.7,,16.4,,98.1,94.79,"Rain, Overcast",0,3,5,0,0,8,8,30339
678,,30339, USA,11/10/2018,48.5,32.8,40.6,24.9,,0.2,,15.6,29.8,11.1,65.23,"Rain, Clear",0,0,2,0,0,2,2,30339
679,,30339, USA,11/11/2018,55.1,32.5,44.4,30.2,,0.0,,12.0,,41.6,60.01,Partially cloudy,0,0,0,0,0,0,0,30339
680,,30339, USA,11/12/2018,47.6,40.6,44.1,34.2,,3.7,,10.7,,96.1,88.54,"Rain, Overcast",0,1,3,0,0,4,4,30339
681,,30339, USA,11/13/2018,49.7,43.4,46.9,38.1,,0.3,,11.7,,97.1,95.14,"Rain, Overcast",0,0,1,0,1,0,1,30339
682,,30339, USA,11/14/2018,48.4,42.5,44.9,38.0,,0.7,,13.3,,98.3,92.59,"Rain, Overcast",0,0,3,0,0,3,3,30339
683,,30339, USA,11/15/2018,43.6,33.0,39.3,23.0,,1.3,,15.7,,100.0,90.64,"Rain, Overcast",0,1,3,0,0,4,4,30339
684,,30339, USA,11/16/2018,54.3,30.2,40.5,22.3,,0.0,,12.9,,58.5,70.89,Partially cloudy,0,0,0,0,0,0,0,30339
685,,30339, USA,11/17/2018,64.2,33.3,46.5,,,0.0,,5.2,,23.8,73.91,Clear,0,0,2,0,0,2,2,30339
686,,30339, USA,11/18/2018,63.4,35.7,47.9,,,0.0,,3.1,,33.0,79.9,Partially cloudy,0,0,0,0,0,0,0,30339
687,,30339, USA,11/19/2018,67.0,39.1,52.7,,,0.0,,7.1,,45.6,74.23,Partially cloudy,0,2,0,0,0,2,2,30339
688,,30339, USA,11/20/2018,56.4,40.1,50.8,37.1,,0.0,,15.2,,49.9,68.51,Partially cloudy,0,3,1,0,0,4,4,30339
689,,30339, USA,11/21/2018,56.8,32.1,43.9,28.3,,0.0,,9.8,,12.5,62.98,Clear,0,0,0,0,0,0,0,30339
690,,30339, USA,11/22/2018,58.6,32.7,44.7,37.9,,0.0,,6.4,,1.7,68.85,Clear,0,1,1,0,0,2,2,30339
691,,30339, USA,11/23/2018,48.0,37.4,41.9,31.7,,0.0,,14.3,,63.9,79.27,Partially cloudy,0,0,0,0,0,0,0,30339
692,,30339, USA,11/24/2018,49.5,36.4,42.5,29.5,,0.4,,11.9,,100.0,92.61,"Rain, Overcast",0,0,1,0,1,0,1,30339
693,,30339, USA,11/25/2018,56.6,42.8,48.2,41.8,,0.1,,10.6,,59.9,90.19,"Rain, Partially cloudy",0,0,0,0,0,0,0,30339
694,,30339, USA,11/26/2018,51.8,36.3,44.4,29.2,,0.0,,21.4,33.3,89.5,74.36,Overcast,0,2,0,0,1,1,2,30339
695,,30339, USA,11/27/2018,42.0,30.1,35.1,20.5,,0.0,,20.0,33.3,14.1,55.55,Clear,0,1,0,0,0,1,1,30339
696,,30339, USA,11/28/2018,43.7,25.6,33.0,15.5,,0.0,,13.8,,16.9,53.01,Clear,0,1,1,1,0,3,3,30339
697,,30339, USA,11/29/2018,55.3,26.8,41.5,,,0.0,,6.2,,58.3,69.09,Partially cloudy,0,0,0,0,0,0,0,30339
698,,30339, USA,11/30/2018,67.5,51.2,58.4,,,0.0,,8.7,,75.5,72.37,Overcast,0,0,2,0,1,1,2,30339
699,,30339, USA,12/01/2018,57.9,51.1,54.8,,,1.9,,9.9,,85.1,90.39,"Rain, Overcast",0,0,0,0,0,0,0,30339
700,,30339, USA,12/02/2018,72.5,48.4,62.9,,,0.0,,13.8,,42.6,74.19,Partially cloudy,0,0,1,0,0,1,1,30339
701,,30339, USA,12/03/2018,62.9,42.4,51.6,38.5,,0.0,,13.9,,55.8,61.24,Partially cloudy,0,2,1,0,2,1,3,30339
702,,30339, USA,12/04/2018,47.2,35.7,41.4,31.1,,0.0,,13.1,,22.3,58.89,Clear,0,0,2,0,0,2,2,30339
703,,30339, USA,12/05/2018,42.5,29.7,34.6,22.5,,0.0,,17.5,,20.6,62.08,Clear,0,1,0,0,0,1,1,30339
704,,30339, USA,12/06/2018,49.9,25.7,36.9,23.2,,0.0,,6.8,,39.5,54.55,Partially cloudy,0,0,2,0,0,2,2,30339
705,,30339, USA,12/07/2018,46.3,34.9,41.9,38.4,,0.0,,5.3,,91.7,73.83,Overcast,0,1,4,0,0,5,5,30339
706,,30339, USA,12/08/2018,43.8,38.2,40.7,29.7,,1.7,,16.7,,93.1,93.57,"Rain, Overcast",0,0,2,0,0,2,2,30339
707,,30339, USA,12/09/2018,38.6,34.7,36.7,25.5,,1.0,,14.5,31.1,100.0,91.1,"Rain, Overcast",0,0,0,0,0,0,0,30339
708,,30339, USA,12/10/2018,41.6,38.2,39.6,32.4,,0.1,,8.6,,99.7,93.73,"Rain, Overcast",0,0,0,0,0,0,0,30339
709,,30339, USA,12/11/2018,50.5,30.7,39.7,24.1,,0.0,,10.7,,26.4,69.22,Partially cloudy,0,1,0,0,1,0,1,30339
710,,30339, USA,12/12/2018,51.7,27.7,37.7,24.0,,0.0,,5.7,,44.6,70.33,Partially cloudy,0,1,0,0,0,1,1,30339
711,,30339, USA,12/13/2018,52.3,34.6,43.4,32.6,,0.0,,10.1,,45.5,69.15,Partially cloudy,0,0,2,0,0,2,2,30339
712,,30339, USA,12/14/2018,49.6,44.5,47.9,40.2,,0.4,,13.2,,100.0,92.32,"Rain, Overcast",0,0,2,1,0,3,3,30339
713,,30339, USA,12/15/2018,51.7,46.6,49.1,44.2,,0.0,,9.3,,97.2,89.57,Overcast,0,0,0,0,0,0,0,30339
714,,30339, USA,12/16/2018,51.9,46.2,48.9,42.6,,0.0,,16.6,,89.9,85.97,Overcast,0,0,1,0,0,1,1,30339
715,,30339, USA,12/17/2018,60.5,43.5,50.5,39.0,,0.0,,15.4,,21.1,67.81,Clear,0,0,0,0,0,0,0,30339
716,,30339, USA,12/18/2018,62.9,40.0,49.1,33.5,,0.0,,10.5,,28.8,54.92,Partially cloudy,0,0,0,0,0,0,0,30339
717,,30339, USA,12/19/2018,57.2,38.5,47.6,43.6,,0.0,,11.1,,41.9,70.36,Partially cloudy,0,2,0,0,0,2,2,30339
718,,30339, USA,12/20/2018,50.6,45.3,48.0,40.2,,0.9,,10.6,,93.3,91.29,"Rain, Overcast",0,0,2,0,0,2,2,30339
719,,30339, USA,12/21/2018,49.1,39.1,44.7,30.5,,0.6,,21.4,33.3,98.1,91.59,"Rain, Overcast",0,1,2,0,0,3,3,30339
720,,30339, USA,12/22/2018,50.9,33.5,40.9,27.7,,0.0,,12.8,,46.0,74.26,Partially cloudy,0,0,0,0,0,0,0,30339
721,,30339, USA,12/23/2018,58.6,30.2,43.9,42.4,,0.0,,11.9,,45.7,85.76,Partially cloudy,0,0,0,0,0,0,0,30339
722,,30339, USA,12/24/2018,51.6,32.7,41.3,27.3,,0.0,,12.3,,28.8,70.18,Partially cloudy,0,0,0,0,0,0,0,30339
723,,30339, USA,12/25/2018,55.7,28.6,42.1,38.3,,0.0,,5.4,,34.1,70.35,Partially cloudy,0,0,0,0,0,0,0,30339
724,,30339, USA,12/26/2018,57.4,35.5,46.4,38.1,,0.0,,12.5,,46.0,71.34,Partially cloudy,0,0,0,0,0,0,0,30339
725,,30339, USA,12/27/2018,52.3,46.6,48.5,40.7,,0.7,,15.1,,95.4,70.94,"Rain, Overcast",0,0,1,0,0,1,1,30339
726,,30339, USA,12/28/2018,61.7,48.5,54.3,45.2,,2.8,,14.0,,87.7,97.7,"Rain, Overcast",0,1,2,0,0,3,3,30339
727,,30339, USA,12/29/2018,58.9,43.7,51.3,41.7,,0.0,,7.1,,54.3,84.69,Partially cloudy,0,0,1,0,0,1,1,30339
728,,30339, USA,12/30/2018,53.9,48.9,51.4,47.6,,0.8,,6.5,,93.2,97.48,"Rain, Overcast",0,4,3,0,0,7,7,30339
729,,30339, USA,12/31/2018,69.1,54.3,61.1,,,0.0,,12.4,,74.7,92.93,Partially cloudy,0,0,0,0,0,0,0,30339
