Zip,City,State,Latitude,Longitude,Timezone,Daylight savings time flag,geopoint
30002,Avondale Estates,GA,33.772122,-84.26491,-5,1,33.772122
30003,Norcross,GA,33.960353,-84.037859,-5,1,33.960353
30004,Alpharetta,GA,34.119177,-84.30292,-5,1,34.119177
30005,Alpharetta,GA,34.080035,-84.21929,-5,1,34.080035
30006,Marietta,GA,33.912473,-84.557181,-5,1,33.912473
30007,Marietta,GA,33.912473,-84.557181,-5,1,33.912473
30008,Marietta,GA,33.907336,-84.5788,-5,1,33.907336
30009,Alpharetta,GA,33.844371,-84.47405,-5,1,33.844371
30010,Norcross,GA,33.960353,-84.037859,-5,1,33.960353
30011,Auburn,GA,34.022974,-83.83416,-5,1,34.022974
30012,Conyers,GA,33.696714,-84.01732,-5,1,33.696714
30013,Conyers,GA,33.633685,-83.98382,-5,1,33.633685
30014,Covington,GA,33.581406,-83.851,-5,1,33.581406
30015,Covington,GA,33.555791,-83.864915,-5,1,33.555791
30016,Covington,GA,33.542118,-83.93372,-5,1,33.542118
30017,Grayson,GA,33.888829,-83.96848,-5,1,33.888829
30018,Jersey,GA,33.717989,-83.801451,-5,1,33.717989
30019,Dacula,GA,33.981721,-83.88302,-5,1,33.981721
30021,Clarkston,GA,33.809604,-84.2387,-5,1,33.809604
30022,Alpharetta,GA,34.026238,-84.24506,-5,1,34.026238
30023,Alpharetta,GA,33.844371,-84.47405,-5,1,33.844371
30024,Suwanee,GA,34.052698,-84.07485,-5,1,34.052698
30025,Social Circle,GA,33.65072,-83.70779,-5,1,33.65072
30026,Duluth,GA,33.962979,-84.092267,-5,1,33.962979
30028,Cumming,GA,34.193041,-84.092588,-5,1,34.193041
30029,Duluth,GA,33.960353,-84.037859,-5,1,33.960353
30030,Decatur,GA,33.771705,-84.29407,-5,1,33.771705
30031,Decatur,GA,33.891251,-84.07456,-5,1,33.891251
30032,Decatur,GA,33.740055,-84.26791,-5,1,33.740055
30033,Decatur,GA,33.811354,-84.28335,-5,1,33.811354
30034,Decatur,GA,33.693448,-84.24743,-5,1,33.693448
30035,Decatur,GA,33.725739,-84.21114,-5,1,33.725739
30036,Decatur,GA,33.891251,-84.07456,-5,1,33.891251
30037,Decatur,GA,33.891251,-84.07456,-5,1,33.891251
30038,Lithonia,GA,33.676358,-84.15381,-5,1,33.676358
30039,Snellville,GA,33.822204,-84.03707,-5,1,33.822204
30040,Cumming,GA,34.235408,-84.17441,-5,1,34.235408
30041,Cumming,GA,34.201503,-84.09764,-5,1,34.201503
30042,Lawrenceville,GA,33.929464,-84.103226,-5,1,33.929464
30043,Lawrenceville,GA,34.001159,-84.01487,-5,1,34.001159
30044,Lawrenceville,GA,33.91967,-84.07482,-5,1,33.91967
30045,Lawrenceville,GA,33.949054,-83.98565,-5,1,33.949054
30046,Lawrenceville,GA,33.960353,-84.037859,-5,1,33.960353
30047,Lilburn,GA,33.872371,-84.11655,-5,1,33.872371
30048,Lilburn,GA,33.960353,-84.037859,-5,1,33.960353
30052,Loganville,GA,33.823809,-83.89423,-5,1,33.823809
30054,Oxford,GA,33.658113,-83.86249,-5,1,33.658113
30055,Mansfield,GA,33.504952,-83.74735,-5,1,33.504952
30056,Newborn,GA,33.500008,-83.67165,-5,1,33.500008
30058,Lithonia,GA,33.750257,-84.0964,-5,1,33.750257
30060,Marietta,GA,33.932052,-84.54746,-5,1,33.932052
30061,Marietta,GA,33.932842,-84.556004,-5,1,33.932842
30062,Marietta,GA,33.99605,-84.47464,-5,1,33.99605
30063,Marietta,GA,33.965294,-84.511209,-5,1,33.965294
30064,Marietta,GA,33.946735,-84.602,-5,1,33.946735
30065,Marietta,GA,33.912473,-84.557181,-5,1,33.912473
30066,Marietta,GA,34.027533,-84.51475,-5,1,34.027533
30067,Marietta,GA,33.933002,-84.47633,-5,1,33.933002
30068,Marietta,GA,33.965601,-84.4433,-5,1,33.965601
30069,Marietta,GA,33.912473,-84.557181,-5,1,33.912473
30070,Porterdale,GA,33.576043,-83.89821,-5,1,33.576043
30071,Norcross,GA,33.940768,-84.2062,-5,1,33.940768
30072,Pine Lake,GA,33.791505,-84.20642,-5,1,33.791505
30074,Redan,GA,33.891251,-84.07456,-5,1,33.891251
30075,Roswell,GA,34.049789,-84.38539,-5,1,34.049789
30076,Roswell,GA,34.032532,-84.31774,-5,1,34.032532
30077,Roswell,GA,33.844371,-84.47405,-5,1,33.844371
30078,Snellville,GA,33.860955,-84.01807,-5,1,33.860955
30079,Scottdale,GA,33.791537,-84.25994,-5,1,33.791537
30080,Smyrna,GA,33.87578,-84.50382,-5,1,33.87578
30081,Smyrna,GA,33.858836,-84.71062,-5,1,33.858836
30082,Smyrna,GA,33.859137,-84.53744,-5,1,33.859137
30083,Stone Mountain,GA,33.795622,-84.19771,-5,1,33.795622
30084,Tucker,GA,33.853853,-84.22036,-5,1,33.853853
30085,Tucker,GA,33.891251,-84.07456,-5,1,33.891251
30086,Stone Mountain,GA,33.891251,-84.07456,-5,1,33.891251
30087,Stone Mountain,GA,33.817438,-84.13167,-5,1,33.817438
30088,Stone Mountain,GA,33.762106,-84.17938,-5,1,33.762106
30090,Marietta,GA,33.952451,-84.547082,-5,1,33.952451
30091,Norcross,GA,33.960353,-84.037859,-5,1,33.960353
30092,Norcross,GA,33.9692,-84.23261,-5,1,33.9692
30093,Norcross,GA,33.909952,-84.1794,-5,1,33.909952
30094,Conyers,GA,33.621906,-84.04633,-5,1,33.621906
30095,Duluth,GA,34.025598,-84.13045,-5,1,34.025598
30096,Duluth,GA,33.979401,-84.15118,-5,1,33.979401
30097,Duluth,GA,34.020621,-84.14294,-5,1,34.020621
30098,Duluth,GA,33.960353,-84.037859,-5,1,33.960353
30099,Duluth,GA,33.959535,-84.105011,-5,1,33.959535
30101,Acworth,GA,34.052285,-84.68483,-5,1,34.052285
30102,Acworth,GA,34.097998,-84.6183,-5,1,34.097998
30103,Adairsville,GA,34.368647,-84.92452,-5,1,34.368647
30104,Aragon,GA,34.065792,-85.07227,-5,1,34.065792
30105,Armuchee,GA,34.448075,-85.15313,-5,1,34.448075
30106,Austell,GA,33.828061,-84.62593,-5,1,33.828061
30107,Ball Ground,GA,34.344939,-84.37204,-5,1,34.344939
30108,Bowdon,GA,33.533934,-85.26088,-5,1,33.533934
30109,Bowdon Junction,GA,33.653355,-85.136227,-5,1,33.653355
30110,Bremen,GA,33.723939,-85.14282,-5,1,33.723939
30111,Clarkdale,GA,33.912473,-84.557181,-5,1,33.912473
30113,Buchanan,GA,33.84627,-85.20291,-5,1,33.84627
30114,Canton,GA,34.228478,-84.50402,-5,1,34.228478
30115,Canton,GA,34.194029,-84.43884,-5,1,34.194029
30116,Carrollton,GA,33.560454,-85.02254,-5,1,33.560454
30117,Carrollton,GA,33.588486,-85.1062,-5,1,33.588486
30118,Carrollton,GA,33.571176,-85.09612,-5,1,33.571176
30119,Carrollton,GA,33.618931,-85.073582,-5,1,33.618931
30120,Cartersville,GA,34.167327,-84.82764,-5,1,34.167327
30121,Cartersville,GA,34.200264,-84.77533,-5,1,34.200264
30122,Lithia Springs,GA,33.776137,-84.64484,-5,1,33.776137
30123,Cassville,GA,34.244179,-84.845684,-5,1,34.244179
30124,Cave Spring,GA,34.118206,-85.34001,-5,1,34.118206
30125,Cedartown,GA,34.010162,-85.25762,-5,1,34.010162
30126,Mableton,GA,33.817738,-84.56087,-5,1,33.817738
30127,Powder Springs,GA,33.874553,-84.68784,-5,1,33.874553
30129,Coosa,GA,34.333308,-85.233721,-5,1,34.333308
30132,Dallas,GA,33.945735,-84.84463,-5,1,33.945735
30133,Douglasville,GA,33.68966,-84.744595,-5,1,33.68966
30134,Douglasville,GA,33.769636,-84.74967,-5,1,33.769636
30135,Douglasville,GA,33.701554,-84.73756,-5,1,33.701554
30137,Emerson,GA,34.124283,-84.75579,-5,1,34.124283
30138,Esom Hill,GA,33.99994,-85.172297,-5,1,33.99994
30139,Fairmount,GA,34.434629,-84.70133,-5,1,34.434629
30140,Felton,GA,33.88232,-85.234946,-5,1,33.88232
30141,Hiram,GA,33.867574,-84.77103,-5,1,33.867574
30142,Holly Springs,GA,34.242944,-84.458326,-5,1,34.242944
30143,Jasper,GA,34.454934,-84.41583,-5,1,34.454934
30144,Kennesaw,GA,34.038949,-84.59706,-5,1,34.038949
30145,Kingston,GA,34.237986,-84.97801,-5,1,34.237986
30146,Lebanon,GA,34.242944,-84.458326,-5,1,34.242944
30147,Lindale,GA,34.175095,-85.18084,-5,1,34.175095
30148,Marble Hill,GA,34.452988,-84.25925,-5,1,34.452988
30149,Mount Berry,GA,34.280355,-85.182085,-5,1,34.280355
30150,Mount Zion,GA,33.643002,-85.181782,-5,1,33.643002
30151,Nelson,GA,34.242944,-84.458326,-5,1,34.242944
30152,Kennesaw,GA,34.002147,-84.63392,-5,1,34.002147
30153,Rockmart,GA,33.987497,-85.05508,-5,1,33.987497
30154,Douglasville,GA,33.68966,-84.744595,-5,1,33.68966
30157,Dallas,GA,33.892504,-84.8346,-5,1,33.892504
30161,Rome,GA,34.253343,-85.15312,-5,1,34.253343
30162,Rome,GA,34.290508,-85.213817,-5,1,34.290508
30163,Rome,GA,34.333308,-85.233721,-5,1,34.333308
30164,Rome,GA,34.333308,-85.233721,-5,1,34.333308
30165,Rome,GA,34.281423,-85.23825,-5,1,34.281423
30166,Carrollton,GA,33.571329,-85.030663,-5,1,33.571329
30168,Austell,GA,33.797456,-84.60621,-5,1,33.797456
30170,Roopville,GA,33.434562,-85.16973,-5,1,33.434562
30171,Rydal,GA,34.346142,-84.73232,-5,1,34.346142
30172,Shannon,GA,34.333308,-85.233721,-5,1,34.333308
30173,Silver Creek,GA,34.145931,-85.14342,-5,1,34.145931
30175,Talking Rock,GA,34.537611,-84.51135,-5,1,34.537611
30176,Tallapoosa,GA,33.748838,-85.29304,-5,1,33.748838
30177,Tate,GA,34.418116,-84.38462,-5,1,34.418116
30178,Taylorsville,GA,34.113826,-84.97274,-5,1,34.113826
30179,Temple,GA,33.76324,-85.02667,-5,1,33.76324
30180,Villa Rica,GA,33.718079,-84.92356,-5,1,33.718079
30182,Waco,GA,33.658254,-85.23497,-5,1,33.658254
30183,Waleska,GA,34.332315,-84.577,-5,1,34.332315
30184,White,GA,34.236128,-84.72539,-5,1,34.236128
30185,Whitesburg,GA,33.517698,-84.91725,-5,1,33.517698
30187,Winston,GA,33.670405,-84.83809,-5,1,33.670405
30188,Woodstock,GA,34.108027,-84.4843,-5,1,34.108027
30189,Woodstock,GA,34.117565,-84.57176,-5,1,34.117565
30202,Alpharetta,GA,34.062176,-84.240414,-5,1,34.062176
30203,Brooks,GA,33.288993,-84.464401,-5,1,33.288993
30204,Barnesville,GA,33.05413,-84.14862,-5,1,33.05413
30205,Brooks,GA,33.275707,-84.46706,-5,1,33.275707
30206,Concord,GA,33.109599,-84.45541,-5,1,33.109599
30212,Experiment,GA,33.278205,-84.288803,-5,1,33.278205
30213,Fairburn,GA,33.565662,-84.59321,-5,1,33.565662
30214,Fayetteville,GA,33.47875,-84.47668,-5,1,33.47875
30215,Fayetteville,GA,33.40147,-84.46271,-5,1,33.40147
30216,Flovilla,GA,33.251174,-83.89284,-5,1,33.251174
30217,Franklin,GA,33.298014,-85.12243,-5,1,33.298014
30218,Gay,GA,33.121379,-84.58776,-5,1,33.121379
30219,Glenn,GA,33.157214,-85.170588,-5,1,33.157214
30220,Grantville,GA,33.230734,-84.82543,-5,1,33.230734
30222,Greenville,GA,33.034761,-84.73593,-5,1,33.034761
30223,Griffin,GA,33.268185,-84.27306,-5,1,33.268185
30224,Griffin,GA,33.215454,-84.25427,-5,1,33.215454
30228,Hampton,GA,33.401827,-84.30152,-5,1,33.401827
30229,Haralson,GA,33.232156,-84.56854,-5,1,33.232156
30230,Hogansville,GA,33.173516,-84.91737,-5,1,33.173516
30232,Inman,GA,33.403811,-84.504403,-5,1,33.403811
30233,Jackson,GA,33.294522,-83.97568,-5,1,33.294522
30234,Jenkinsburg,GA,33.325951,-84.03346,-5,1,33.325951
30236,Jonesboro,GA,33.528345,-84.33347,-5,1,33.528345
30237,Jonesboro,GA,33.500697,-84.351273,-5,1,33.500697
30238,Jonesboro,GA,33.49348,-84.37871,-5,1,33.49348
30240,Lagrange,GA,33.029838,-85.0745,-5,1,33.029838
30241,Lagrange,GA,33.036715,-84.98895,-5,1,33.036715
30248,Locust Grove,GA,33.351277,-84.10645,-5,1,33.351277
30250,Lovejoy,GA,33.437428,-84.31519,-5,1,33.437428
30251,Luthersville,GA,33.201986,-84.69943,-5,1,33.201986
30252,Mcdonough,GA,33.464387,-84.08154,-5,1,33.464387
30253,Mcdonough,GA,33.455031,-84.17215,-5,1,33.455031
30256,Meansville,GA,33.015476,-84.32187,-5,1,33.015476
30257,Milner,GA,33.136567,-84.19386,-5,1,33.136567
30258,Molena,GA,32.999261,-84.47168,-5,1,32.999261
30259,Moreland,GA,33.277468,-84.75388,-5,1,33.277468
30260,Morrow,GA,33.58776,-84.33011,-5,1,33.58776
30261,Lagrange,GA,33.04567,-85.048995,-5,1,33.04567
30263,Newnan,GA,33.38779,-84.82536,-5,1,33.38779
30264,Newnan,GA,33.361003,-84.814173,-5,1,33.361003
30265,Newnan,GA,33.400875,-84.71206,-5,1,33.400875
30266,Orchard Hill,GA,33.265656,-84.298964,-5,1,33.265656
30268,Palmetto,GA,33.527793,-84.69453,-5,1,33.527793
30269,Peachtree City,GA,33.398992,-84.57062,-5,1,33.398992
30271,Newnan,GA,33.351401,-84.756109,-5,1,33.351401
30272,Red Oak,GA,33.625894,-84.516327,-5,1,33.625894
30273,Rex,GA,33.582877,-84.26906,-5,1,33.582877
30274,Riverdale,GA,33.555145,-84.40108,-5,1,33.555145
30275,Sargent,GA,33.431181,-84.86733,-5,1,33.431181
30276,Senoia,GA,33.281102,-84.58017,-5,1,33.281102
30277,Sharpsburg,GA,33.387534,-84.65511,-5,1,33.387534
30281,Stockbridge,GA,33.547578,-84.21809,-5,1,33.547578
30283,Jackson,GA,33.295159,-83.965099,-5,1,33.295159
30284,Sunny Side,GA,33.345253,-84.289814,-5,1,33.345253
30285,The Rock,GA,32.995865,-84.25092,-5,1,32.995865
30286,Thomaston,GA,32.895794,-84.33084,-5,1,32.895794
30287,Morrow,GA,33.500697,-84.351273,-5,1,33.500697
30288,Conley,GA,33.647275,-84.32753,-5,1,33.647275
30289,Turin,GA,33.32603,-84.637108,-5,1,33.32603
30290,Tyrone,GA,33.48012,-84.58724,-5,1,33.48012
30291,Union City,GA,33.580878,-84.54611,-5,1,33.580878
30292,Williamson,GA,33.169646,-84.37168,-5,1,33.169646
30293,Woodbury,GA,32.973728,-84.5903,-5,1,32.973728
30294,Ellenwood,GA,33.639658,-84.26822,-5,1,33.639658
30295,Zebulon,GA,33.101705,-84.31252,-5,1,33.101705
30296,Riverdale,GA,33.564711,-84.43987,-5,1,33.564711
30297,Forest Park,GA,33.615409,-84.36704,-5,1,33.615409
30298,Forest Park,GA,33.500697,-84.351273,-5,1,33.500697
30301,Atlanta,GA,33.844371,-84.47405,-5,1,33.844371
30302,Atlanta,GA,33.844371,-84.47405,-5,1,33.844371
30303,Atlanta,GA,33.752856,-84.39013,-5,1,33.752856
30304,Atlanta,GA,33.848196,-84.429296,-5,1,33.848196
30305,Atlanta,GA,33.830054,-84.38472,-5,1,33.830054
30306,Atlanta,GA,33.786755,-84.35149,-5,1,33.786755
30307,Atlanta,GA,33.768205,-84.33786,-5,1,33.768205
30308,Atlanta,GA,33.771755,-84.38065,-5,1,33.771755
30309,Atlanta,GA,33.794055,-84.38525,-5,1,33.794055
30310,Atlanta,GA,33.727807,-84.41983,-5,1,33.727807
30311,Atlanta,GA,33.724907,-84.47131,-5,1,33.724907
30312,Atlanta,GA,33.745739,-84.3764,-5,1,33.745739
30313,Atlanta,GA,33.761223,-84.39599,-5,1,33.761223
30314,Atlanta,GA,33.758056,-84.42268,-5,1,33.758056
30315,Atlanta,GA,33.709595,-84.38365,-5,1,33.709595
30316,Atlanta,GA,33.729506,-84.34087,-5,1,33.729506
30317,Atlanta,GA,33.750005,-84.31854,-5,1,33.750005
30318,Atlanta,GA,33.786805,-84.437,-5,1,33.786805
30319,Atlanta,GA,33.872053,-84.33611,-5,1,33.872053
30320,Atlanta,GA,33.656824,-84.423648,-5,1,33.656824
30321,Atlanta,GA,33.844371,-84.47405,-5,1,33.844371
30322,Atlanta,GA,33.793754,-84.3238,-5,1,33.793754
30323,Atlanta,GA,33.844371,-84.47405,-5,1,33.844371
30324,Atlanta,GA,33.818304,-84.35779,-5,1,33.818304
30325,Atlanta,GA,33.844371,-84.47405,-5,1,33.844371
30326,Atlanta,GA,33.849853,-84.3606,-5,1,33.849853
30327,Atlanta,GA,33.86427,-84.41972,-5,1,33.86427
30328,Atlanta,GA,33.931746,-84.37817,-5,1,33.931746
30329,Atlanta,GA,33.827554,-84.32355,-5,1,33.827554
30330,Atlanta,GA,33.707107,-84.432127,-5,1,33.707107
30331,Atlanta,GA,33.715558,-84.52728,-5,1,33.715558
30332,Atlanta,GA,33.776305,-84.397976,-5,1,33.776305
30333,Atlanta,GA,33.891251,-84.07456,-5,1,33.891251
30334,Atlanta,GA,33.702657,-84.439127,-5,1,33.702657
30335,Atlanta,GA,33.752406,-84.389676,-5,1,33.752406
30336,Atlanta,GA,33.744007,-84.56032,-5,1,33.744007
30337,Atlanta,GA,33.646984,-84.4538,-5,1,33.646984
30338,Atlanta,GA,33.942751,-84.31769,-5,1,33.942751
30339,Atlanta,GA,33.87507,-84.46615,-5,1,33.87507
30340,Atlanta,GA,33.899381,-84.25367,-5,1,33.899381
30341,Atlanta,GA,33.888102,-84.29321,-5,1,33.888102
30342,Atlanta,GA,33.879003,-84.37203,-5,1,33.879003
30343,Atlanta,GA,33.844371,-84.47405,-5,1,33.844371
30344,Atlanta,GA,33.676258,-84.44977,-5,1,33.676258
30345,Atlanta,GA,33.851736,-84.28412,-5,1,33.851736
30346,Atlanta,GA,33.926753,-84.33877,-5,1,33.926753
30347,Atlanta,GA,33.844371,-84.47405,-5,1,33.844371
30348,Atlanta,GA,33.844371,-84.47405,-5,1,33.844371
30349,Atlanta,GA,33.61541,-84.49033,-5,1,33.61541
30350,Atlanta,GA,33.97285,-84.32775,-5,1,33.97285
30351,Atlanta,GA,33.844371,-84.47405,-5,1,33.844371
30353,Atlanta,GA,33.844371,-84.47405,-5,1,33.844371
30354,Atlanta,GA,33.658834,-84.39682,-5,1,33.658834
30355,Atlanta,GA,33.844371,-84.47405,-5,1,33.844371
30356,Atlanta,GA,33.891251,-84.07456,-5,1,33.891251
30357,Atlanta,GA,33.844371,-84.47405,-5,1,33.844371
30358,Atlanta,GA,33.998151,-84.34112,-5,1,33.998151
30359,Atlanta,GA,33.891251,-84.07456,-5,1,33.891251
30360,Atlanta,GA,33.934536,-84.27215,-5,1,33.934536
30361,Atlanta,GA,33.844371,-84.47405,-5,1,33.844371
30362,Atlanta,GA,33.891251,-84.07456,-5,1,33.891251
30363,Atlanta,GA,33.844371,-84.47405,-5,1,33.844371
30364,Atlanta,GA,33.844371,-84.47405,-5,1,33.844371
30365,Atlanta,GA,33.844371,-84.47405,-5,1,33.844371
30366,Atlanta,GA,33.891251,-84.07456,-5,1,33.891251
30367,Atlanta,GA,33.789255,-84.387276,-5,1,33.789255
30368,Atlanta,GA,33.844371,-84.47405,-5,1,33.844371
30369,Atlanta,GA,33.844371,-84.47405,-5,1,33.844371
30370,Atlanta,GA,33.844371,-84.47405,-5,1,33.844371
30371,Atlanta,GA,33.844371,-84.47405,-5,1,33.844371
30374,Atlanta,GA,33.844371,-84.47405,-5,1,33.844371
30375,Atlanta,GA,33.844371,-84.47405,-5,1,33.844371
30376,Atlanta,GA,33.844371,-84.47405,-5,1,33.844371
30377,Atlanta,GA,33.844371,-84.47405,-5,1,33.844371
30378,Atlanta,GA,33.844371,-84.47405,-5,1,33.844371
30379,Atlanta,GA,33.844371,-84.47405,-5,1,33.844371
30380,Atlanta,GA,33.844371,-84.47405,-5,1,33.844371
30381,Atlanta,GA,33.844371,-84.47405,-5,1,33.844371
30384,Atlanta,GA,33.844371,-84.47405,-5,1,33.844371
30385,Atlanta,GA,33.844371,-84.47405,-5,1,33.844371
30386,Atlanta,GA,33.844371,-84.47405,-5,1,33.844371
30387,Atlanta,GA,33.844371,-84.47405,-5,1,33.844371
30388,Atlanta,GA,33.844371,-84.47405,-5,1,33.844371
30389,Atlanta,GA,33.844371,-84.47405,-5,1,33.844371
30390,Atlanta,GA,33.844371,-84.47405,-5,1,33.844371
30392,Atlanta,GA,33.844371,-84.47405,-5,1,33.844371
30394,Atlanta,GA,33.844371,-84.47405,-5,1,33.844371
30396,Atlanta,GA,33.844371,-84.47405,-5,1,33.844371
30398,Atlanta,GA,33.844371,-84.47405,-5,1,33.844371
30399,Atlanta,GA,33.844371,-84.47405,-5,1,33.844371
30401,Swainsboro,GA,32.605196,-82.3391,-5,1,32.605196
30410,Ailey,GA,32.196136,-82.50985,-5,1,32.196136
30411,Alamo,GA,32.146031,-82.792,-5,1,32.146031
30412,Alston,GA,32.083879,-82.47988,-5,1,32.083879
30413,Bartow,GA,32.884137,-82.50969,-5,1,32.884137
30414,Bellville,GA,32.15499,-81.97826,-5,1,32.15499
30415,Brooklet,GA,32.3456,-81.62339,-5,1,32.3456
30417,Claxton,GA,32.162077,-81.90984,-5,1,32.162077
30420,Cobbtown,GA,32.301639,-82.11842,-5,1,32.301639
30421,Collins,GA,32.186824,-82.10699,-5,1,32.186824
30423,Daisy,GA,32.150061,-81.83478,-5,1,32.150061
30424,Dover,GA,32.767634,-81.629062,-5,1,32.767634
30425,Garfield,GA,32.632683,-82.036,-5,1,32.632683
30426,Girard,GA,33.032445,-81.63251,-5,1,33.032445
30427,Glennville,GA,31.945767,-81.93594,-5,1,31.945767
30428,Glenwood,GA,32.190739,-82.69115,-5,1,32.190739
30429,Hagan,GA,32.159458,-81.93724,-5,1,32.159458
30434,Louisville,GA,33.008983,-82.378,-5,1,33.008983
30436,Lyons,GA,32.177508,-82.30448,-5,1,32.177508
30438,Manassas,GA,32.152792,-82.01301,-5,1,32.152792
30439,Metter,GA,32.414401,-82.05534,-5,1,32.414401
30441,Midville,GA,32.792831,-82.23715,-5,1,32.792831
30442,Millen,GA,32.802448,-81.98381,-5,1,32.802448
30444,East Point,GA,33.696073,-84.450276,-5,1,33.696073
30445,Mount Vernon,GA,32.186824,-82.59171,-5,1,32.186824
30446,Newington,GA,32.567281,-81.48627,-5,1,32.567281
30447,Norristown,GA,32.505913,-82.49502,-5,1,32.505913
30448,Nunez,GA,32.49126,-82.36787,-5,1,32.49126
30449,Oliver,GA,32.528104,-81.533198,-5,1,32.528104
30450,Portal,GA,32.555659,-81.9242,-5,1,32.555659
30451,Pulaski,GA,32.414349,-82.086658,-5,1,32.414349
30452,Register,GA,32.327219,-81.89818,-5,1,32.327219
30453,Reidsville,GA,32.057356,-82.1214,-5,1,32.057356
30454,Rockledge,GA,32.432854,-82.72979,-5,1,32.432854
30455,Rocky Ford,GA,32.697762,-81.81036,-5,1,32.697762
30456,Sardis,GA,32.969028,-81.79396,-5,1,32.969028
30457,Soperton,GA,32.387041,-82.58272,-5,1,32.387041
30458,Statesboro,GA,32.423083,-81.80677,-5,1,32.423083
30459,Statesboro,GA,32.447036,-81.77772,-5,1,32.447036
30460,Statesboro,GA,32.41795,-81.78233,-5,1,32.41795
30461,Statesboro,GA,32.4906,-81.73166,-5,1,32.4906
30464,Stillmore,GA,32.439708,-82.22278,-5,1,32.439708
30466,Summertown,GA,32.566594,-82.324475,-5,1,32.566594
30467,Sylvania,GA,32.754635,-81.63543,-5,1,32.754635
30470,Tarrytown,GA,32.309128,-82.52255,-5,1,32.309128
30471,Twin City,GA,32.547214,-82.17048,-5,1,32.547214
30473,Uvalda,GA,32.03096,-82.48797,-5,1,32.03096
30474,Vidalia,GA,32.220155,-82.41493,-5,1,32.220155
30475,Vidalia,GA,32.177513,-82.373889,-5,1,32.177513
30477,Wadley,GA,32.872098,-82.4023,-5,1,32.872098
30499,Reidsville,GA,32.050694,-81.998348,-5,1,32.050694
30501,Gainesville,GA,34.306643,-83.82352,-5,1,34.306643
30502,Chestnut Mountain,GA,34.212993,-83.794858,-5,1,34.212993
30503,Gainesville,GA,34.345432,-83.950541,-5,1,34.345432
30504,Gainesville,GA,34.274355,-83.87003,-5,1,34.274355
30505,Gainesville,GA,34.306188,-83.838936,-5,1,34.306188
30506,Gainesville,GA,34.346102,-83.901,-5,1,34.346102
30507,Gainesville,GA,34.253714,-83.77348,-5,1,34.253714
30510,Alto,GA,34.455729,-83.58913,-5,1,34.455729
30511,Baldwin,GA,34.469971,-83.50035,-5,1,34.469971
30512,Blairsville,GA,34.875556,-84.00419,-5,1,34.875556
30513,Blue Ridge,GA,34.851171,-84.32905,-5,1,34.851171
30514,Blairsville,GA,34.903398,-84.019157,-5,1,34.903398
30515,Buford,GA,33.960353,-84.037859,-5,1,33.960353
30516,Bowersville,GA,34.370551,-83.05998,-5,1,34.370551
30517,Braselton,GA,34.121974,-83.78604,-5,1,34.121974
30518,Buford,GA,34.12115,-84.01804,-5,1,34.12115
30519,Buford,GA,34.089419,-83.94701,-5,1,34.089419
30520,Canon,GA,34.338008,-83.09656,-5,1,34.338008
30521,Carnesville,GA,34.360544,-83.28544,-5,1,34.360544
30522,Cherrylog,GA,34.801665,-84.37931,-5,1,34.801665
30523,Clarkesville,GA,34.700311,-83.51879,-5,1,34.700311
30525,Clayton,GA,34.882362,-83.4156,-5,1,34.882362
30527,Clermont,GA,34.481514,-83.78599,-5,1,34.481514
30528,Cleveland,GA,34.595859,-83.76194,-5,1,34.595859
30529,Commerce,GA,34.210423,-83.46842,-5,1,34.210423
30530,Commerce,GA,34.209907,-83.38389,-5,1,34.209907
30531,Cornelia,GA,34.514215,-83.54118,-5,1,34.514215
30533,Dahlonega,GA,34.542098,-83.99718,-5,1,34.542098
30534,Dawsonville,GA,34.416521,-84.10849,-5,1,34.416521
30535,Demorest,GA,34.573072,-83.55992,-5,1,34.573072
30537,Dillard,GA,34.977198,-83.35161,-5,1,34.977198
30538,Eastanollee,GA,34.511618,-83.25811,-5,1,34.511618
30539,East Ellijay,GA,34.680011,-84.47154,-5,1,34.680011
30540,Ellijay,GA,34.688716,-84.46716,-5,1,34.688716
30541,Epworth,GA,34.925622,-84.42981,-5,1,34.925622
30542,Flowery Branch,GA,34.188281,-83.91813,-5,1,34.188281
30543,Gillsville,GA,34.299459,-83.65226,-5,1,34.299459
30544,Demorest,GA,34.593092,-83.562922,-5,1,34.593092
30545,Helen,GA,34.713441,-83.74189,-5,1,34.713441
30546,Hiawassee,GA,34.923847,-83.7231,-5,1,34.923847
30547,Homer,GA,34.348822,-83.47738,-5,1,34.348822
30548,Hoschton,GA,34.097915,-83.77864,-5,1,34.097915
30549,Jefferson,GA,34.112581,-83.58251,-5,1,34.112581
30552,Lakemont,GA,34.763553,-83.44201,-5,1,34.763553
30553,Lavonia,GA,34.450501,-83.09448,-5,1,34.450501
30554,Lula,GA,34.391688,-83.65979,-5,1,34.391688
30555,McCaysville,GA,34.977037,-84.39839,-5,1,34.977037
30557,Martin,GA,34.491829,-83.17539,-5,1,34.491829
30558,Maysville,GA,34.258054,-83.56058,-5,1,34.258054
30559,Mineral Bluff,GA,34.949755,-84.28317,-5,1,34.949755
30560,Morganton,GA,34.887912,-84.2098,-5,1,34.887912
30562,Mountain City,GA,34.917466,-83.38487,-5,1,34.917466
30563,Mount Airy,GA,34.549681,-83.47201,-5,1,34.549681
30564,Murrayville,GA,34.466226,-83.88442,-5,1,34.466226
30565,Nicholson,GA,34.094345,-83.41617,-5,1,34.094345
30566,Oakwood,GA,34.236556,-83.89115,-5,1,34.236556
30567,Pendergrass,GA,34.167309,-83.68536,-5,1,34.167309
30568,Rabun Gap,GA,34.952452,-83.4073,-5,1,34.952452
30571,Sautee Nacoochee,GA,34.696896,-83.68012,-5,1,34.696896
30572,Suches,GA,34.731084,-84.07943,-5,1,34.731084
30573,Tallulah Falls,GA,34.742007,-83.397716,-5,1,34.742007
30575,Talmo,GA,34.191571,-83.71124,-5,1,34.191571
30576,Tiger,GA,34.846806,-83.48178,-5,1,34.846806
30577,Toccoa,GA,34.561584,-83.31718,-5,1,34.561584
30580,Turnerville,GA,34.676584,-83.43578,-5,1,34.676584
30581,Wiley,GA,34.797611,-83.42329,-5,1,34.797611
30582,Young Harris,GA,34.954638,-83.86484,-5,1,34.954638
30596,Alto,GA,34.629391,-83.509934,-5,1,34.629391
30597,Dahlonega,GA,34.527671,-83.980879,-5,1,34.527671
30598,Toccoa,GA,34.597674,-83.36207,-5,1,34.597674
30599,Commerce,GA,34.130594,-83.587419,-5,1,34.130594
30601,Athens,GA,33.979016,-83.36423,-5,1,33.979016
30602,Athens,GA,33.948432,-83.3749,-5,1,33.948432
30603,Athens,GA,33.947587,-83.408897,-5,1,33.947587
30604,Athens,GA,33.944339,-83.38908,-5,1,33.944339
30605,Athens,GA,33.925085,-83.34529,-5,1,33.925085
30606,Athens,GA,33.945619,-83.41732,-5,1,33.945619
30607,Athens,GA,34.013154,-83.43565,-5,1,34.013154
30608,Athens,GA,33.944339,-83.38908,-5,1,33.944339
30609,Athens,GA,33.946364,-83.37743,-5,1,33.946364
30610,Athens,GA,33.944339,-83.38908,-5,1,33.944339
30612,Athens,GA,33.944339,-83.38908,-5,1,33.944339
30613,Athens,GA,33.962364,-83.39828,-5,1,33.962364
30619,Arnoldsville,GA,33.863663,-83.24825,-5,1,33.863663
30620,Bethlehem,GA,33.928949,-83.73524,-5,1,33.928949
30621,Bishop,GA,33.804849,-83.48164,-5,1,33.804849
30622,Bogart,GA,33.927792,-83.51552,-5,1,33.927792
30623,Bostwick,GA,33.754235,-83.511055,-5,1,33.754235
30624,Bowman,GA,34.193943,-83.03375,-5,1,34.193943
30625,Buckhead,GA,33.527207,-83.34676,-5,1,33.527207
30627,Carlton,GA,33.994139,-82.97819,-5,1,33.994139
30628,Colbert,GA,34.041416,-83.21997,-5,1,34.041416
30629,Comer,GA,34.072573,-83.11913,-5,1,34.072573
30630,Crawford,GA,33.892957,-83.15548,-5,1,33.892957
30631,Crawfordville,GA,33.570317,-82.88542,-5,1,33.570317
30633,Danielsville,GA,34.17085,-83.24654,-5,1,34.17085
30634,Dewy Rose,GA,34.212836,-82.94112,-5,1,34.212836
30635,Elberton,GA,34.119972,-82.825,-5,1,34.119972
30638,Farmington,GA,33.775001,-83.42456,-5,1,33.775001
30639,Franklin Springs,GA,34.281721,-83.14746,-5,1,34.281721
30641,Good Hope,GA,33.766057,-83.57597,-5,1,33.766057
30642,Greensboro,GA,33.547041,-83.19797,-5,1,33.547041
30643,Hartwell,GA,34.366948,-82.9201,-5,1,34.366948
30645,High Shoals,GA,33.801274,-83.516374,-5,1,33.801274
30646,Hull,GA,34.065588,-83.31318,-5,1,34.065588
30647,Ila,GA,34.120239,-83.288117,-5,1,34.120239
30648,Lexington,GA,33.863779,-83.06063,-5,1,33.863779
30650,Madison,GA,33.588436,-83.47936,-5,1,33.588436
30652,Greensboro,GA,33.559342,-83.364156,-5,1,33.559342
30655,Monroe,GA,33.786041,-83.69901,-5,1,33.786041
30656,Monroe,GA,33.857423,-83.71899,-5,1,33.857423
30660,Rayle,GA,33.775127,-82.94624,-5,1,33.775127
30662,Royston,GA,34.270167,-83.12842,-5,1,34.270167
30663,Rutledge,GA,33.614556,-83.61157,-5,1,33.614556
30664,Sharon,GA,33.560693,-82.80015,-5,1,33.560693
30665,Siloam,GA,33.535009,-83.07787,-5,1,33.535009
30666,Statham,GA,33.957713,-83.58491,-5,1,33.957713
30667,Stephens,GA,33.784316,-83.16666,-5,1,33.784316
30668,Tignall,GA,33.912362,-82.6684,-5,1,33.912362
30669,Union Point,GA,33.652489,-83.08857,-5,1,33.652489
30671,Maxeys,GA,33.748344,-83.18538,-5,1,33.748344
30673,Washington,GA,33.728754,-82.72612,-5,1,33.728754
30677,Watkinsville,GA,33.849286,-83.41232,-5,1,33.849286
30678,White Plains,GA,33.46171,-83.05852,-5,1,33.46171
30680,Winder,GA,33.992538,-83.71061,-5,1,33.992538
30683,Winterville,GA,33.954047,-83.2673,-5,1,33.954047
30701,Calhoun,GA,34.4966,-84.93798,-5,1,34.4966
30703,Calhoun,GA,34.479066,-84.762161,-5,1,34.479066
30705,Chatsworth,GA,34.753129,-84.77502,-5,1,34.753129
30707,Chickamauga,GA,34.827019,-85.32883,-5,1,34.827019
30708,Cisco,GA,34.945576,-84.7113,-5,1,34.945576
30710,Cohutta,GA,34.935105,-84.94642,-5,1,34.935105
30711,Crandall,GA,34.93882,-84.76558,-5,1,34.93882
30716,Tallapoosa,GA,33.744222,-85.286982,-5,1,33.744222
30719,Dalton,GA,34.801861,-84.989796,-5,1,34.801861
30720,Dalton,GA,34.766095,-84.9865,-5,1,34.766095
30721,Dalton,GA,34.780699,-84.93994,-5,1,34.780699
30722,Dalton,GA,34.759522,-84.951261,-5,1,34.759522
30724,Eton,GA,34.822176,-84.75967,-5,1,34.822176
30725,Flintstone,GA,34.932348,-85.35064,-5,1,34.932348
30726,Graysville,GA,34.975939,-85.1416,-5,1,34.975939
30728,La Fayette,GA,34.696201,-85.25824,-5,1,34.696201
30730,Lyerly,GA,34.376063,-85.4043,-5,1,34.376063
30731,Menlo,GA,34.553485,-85.47893,-5,1,34.553485
30732,Oakman,GA,34.569015,-84.711863,-5,1,34.569015
30733,Plainville,GA,34.409661,-85.03345,-5,1,34.409661
30734,Ranger,GA,34.531444,-84.69955,-5,1,34.531444
30735,Resaca,GA,34.604648,-84.91926,-5,1,34.604648
30736,Ringgold,GA,34.916552,-85.14435,-5,1,34.916552
30738,Rising Fawn,GA,34.793833,-85.49945,-5,1,34.793833
30739,Rock Spring,GA,34.801988,-85.21956,-5,1,34.801988
30740,Rocky Face,GA,34.757918,-85.05879,-5,1,34.757918
30741,Rossville,GA,34.96311,-85.27405,-5,1,34.96311
30742,Fort Oglethorpe,GA,34.948979,-85.25212,-5,1,34.948979
30746,Sugar Valley,GA,34.574804,-85.02482,-5,1,34.574804
30747,Summerville,GA,34.489848,-85.32928,-5,1,34.489848
30750,Lookout Mountain,GA,34.957134,-85.37183,-5,1,34.957134
30751,Tennga,GA,34.981449,-84.735233,-5,1,34.981449
30752,Trenton,GA,34.895625,-85.52702,-5,1,34.895625
30753,Trion,GA,34.558404,-85.30301,-5,1,34.558404
30754,Summerville,GA,34.484483,-85.345544,-5,1,34.484483
30755,Tunnel Hill,GA,34.85973,-85.03867,-5,1,34.85973
30756,Varnell,GA,34.9298,-84.988536,-5,1,34.9298
30757,Wildwood,GA,34.954188,-85.43232,-5,1,34.954188
30802,Appling,GA,33.620669,-82.30514,-5,1,33.620669
30803,Avera,GA,33.163467,-82.52017,-5,1,33.163467
30805,Blythe,GA,33.297318,-82.21503,-5,1,33.297318
30806,Boneville,GA,33.527993,-82.5104,-5,1,33.527993
30807,Camak,GA,33.453039,-82.64828,-5,1,33.453039
30808,Dearing,GA,33.397137,-82.40335,-5,1,33.397137
30809,Evans,GA,33.551145,-82.13949,-5,1,33.551145
30810,Gibson,GA,33.236721,-82.58135,-5,1,33.236721
30811,Gough,GA,33.050487,-81.929165,-5,1,33.050487
30812,Gracewood,GA,33.386041,-82.090996,-5,1,33.386041
30813,Grovetown,GA,33.459489,-82.20102,-5,1,33.459489
30814,Harlem,GA,33.42359,-82.31013,-5,1,33.42359
30815,Hephzibah,GA,33.32157,-82.08872,-5,1,33.32157
30816,Keysville,GA,33.16249,-82.18933,-5,1,33.16249
30817,Lincolnton,GA,33.765566,-82.43899,-5,1,33.765566
30818,Matthews,GA,33.244829,-82.32636,-5,1,33.244829
30819,Mesena,GA,33.432384,-82.625213,-5,1,33.432384
30820,Mitchell,GA,33.224199,-82.713,-5,1,33.224199
30821,Norwood,GA,33.477946,-82.73454,-5,1,33.477946
30822,Perkins,GA,32.914843,-81.87901,-5,1,32.914843
30823,Stapleton,GA,33.234802,-82.46303,-5,1,33.234802
30824,Thomson,GA,33.490536,-82.5028,-5,1,33.490536
30828,Warrenton,GA,33.399555,-82.65655,-5,1,33.399555
30830,Waynesboro,GA,33.080965,-81.9944,-5,1,33.080965
30833,Wrens,GA,33.200325,-82.37625,-5,1,33.200325
30881,Atlanta,GA,33.793006,-84.504081,-5,1,33.793006
30901,Augusta,GA,33.461121,-81.97265,-5,1,33.461121
30903,Augusta,GA,33.386041,-82.090996,-5,1,33.386041
30904,Augusta,GA,33.474136,-82.01018,-5,1,33.474136
30905,Augusta,GA,33.417282,-82.14435,-5,1,33.417282
30906,Augusta,GA,33.387089,-82.01237,-5,1,33.387089
30907,Augusta,GA,33.512541,-82.09491,-5,1,33.512541
30909,Augusta,GA,33.475936,-82.0697,-5,1,33.475936
30910,Augusta,GA,33.386041,-82.090996,-5,1,33.386041
30911,Augusta,GA,33.386041,-82.090996,-5,1,33.386041
30912,Augusta,GA,33.386041,-82.090996,-5,1,33.386041
30913,Augusta,GA,33.386041,-82.090996,-5,1,33.386041
30914,Augusta,GA,33.386041,-82.090996,-5,1,33.386041
30916,Augusta,GA,33.386041,-82.090996,-5,1,33.386041
30917,Augusta,GA,33.527678,-82.235542,-5,1,33.527678
30919,Augusta,GA,33.386041,-82.090996,-5,1,33.386041
30999,Augusta,GA,33.386041,-82.090996,-5,1,33.386041
31001,Abbeville,GA,31.972626,-83.33082,-5,1,31.972626
31002,Adrian,GA,32.549854,-82.56948,-5,1,32.549854
31003,Allentown,GA,32.600622,-83.22096,-5,1,32.600622
31004,Bolingbroke,GA,32.946971,-83.800628,-5,1,32.946971
31005,Bonaire,GA,32.556668,-83.62435,-5,1,32.556668
31006,Butler,GA,32.563544,-84.2461,-5,1,32.563544
31007,Byromville,GA,32.199721,-83.91327,-5,1,32.199721
31008,Byron,GA,32.652313,-83.75918,-5,1,32.652313
31009,Cadwell,GA,32.309003,-83.02647,-5,1,32.309003
31010,Cordele,GA,31.917178,-83.785365,-5,1,31.917178
31011,Chauncey,GA,32.108676,-83.06006,-5,1,32.108676
31012,Chester,GA,32.396381,-83.16892,-5,1,32.396381
31013,Clinchfield,GA,32.338639,-83.692562,-5,1,32.338639
31014,Cochran,GA,32.397039,-83.3404,-5,1,32.397039
31015,Cordele,GA,31.950899,-83.77808,-5,1,31.950899
31016,Culloden,GA,32.861386,-84.11732,-5,1,32.861386
31017,Danville,GA,32.600844,-83.24549,-5,1,32.600844
31018,Davisboro,GA,32.976548,-82.61607,-5,1,32.976548
31019,Dexter,GA,32.427633,-83.05632,-5,1,32.427633
31020,Dry Branch,GA,32.719907,-83.4905,-5,1,32.719907
31021,Dublin,GA,32.526359,-82.93375,-5,1,32.526359
31022,Dudley,GA,32.516865,-83.09905,-5,1,32.516865
31023,Eastman,GA,32.193953,-83.1848,-5,1,32.193953
31024,Eatonton,GA,33.318579,-83.35432,-5,1,33.318579
31025,Elko,GA,32.335147,-83.74571,-5,1,32.335147
31027,Dublin,GA,32.569122,-82.80959,-5,1,32.569122
31028,Centerville,GA,32.632111,-83.67795,-5,1,32.632111
31029,Forsyth,GA,33.0409,-83.92941,-5,1,33.0409
31030,Fort Valley,GA,32.55568,-83.88641,-5,1,32.55568
31031,Gordon,GA,32.891499,-83.32748,-5,1,32.891499
31032,Gray,GA,33.003455,-83.55078,-5,1,33.003455
31033,Haddock,GA,33.053288,-83.43902,-5,1,33.053288
31034,Hardwick,GA,33.040103,-83.2182,-5,1,33.040103
31035,Harrison,GA,32.835471,-82.70761,-5,1,32.835471
31036,Hawkinsville,GA,32.270314,-83.48517,-5,1,32.270314
31037,Helena,GA,32.094127,-82.91713,-5,1,32.094127
31038,Hillsboro,GA,33.172786,-83.63554,-5,1,33.172786
31039,Howard,GA,32.587537,-84.3895,-5,1,32.587537
31040,Dublin,GA,32.540073,-82.914974,-5,1,32.540073
31041,Ideal,GA,32.371371,-84.18258,-5,1,32.371371
31042,Irwinton,GA,32.7615,-83.1612,-5,1,32.7615
31044,Jeffersonville,GA,32.630784,-83.37027,-5,1,32.630784
31045,Jewell,GA,33.285774,-82.7749,-5,1,33.285774
31046,Juliette,GA,33.054591,-83.78583,-5,1,33.054591
31047,Kathleen,GA,32.509384,-83.64773,-5,1,32.509384
31049,Kite,GA,32.69992,-82.51381,-5,1,32.69992
31050,Knoxville,GA,32.742085,-83.94646,-5,1,32.742085
31051,Lilly,GA,32.148624,-83.88003,-5,1,32.148624
31052,Lizella,GA,32.788484,-83.80726,-5,1,32.788484
31054,McIntyre,GA,32.875574,-83.19785,-5,1,32.875574
31055,McRae,GA,32.045313,-82.8916,-5,1,32.045313
31057,Marshallville,GA,32.446656,-83.93413,-5,1,32.446656
31058,Mauk,GA,32.498727,-84.42804,-5,1,32.498727
31060,Milan,GA,32.003035,-83.06337,-5,1,32.003035
31061,Milledgeville,GA,33.083579,-83.23397,-5,1,33.083579
31062,Milledgeville,GA,33.087138,-83.22492,-5,1,33.087138
31063,Montezuma,GA,32.293293,-83.98913,-5,1,32.293293
31064,Monticello,GA,33.319093,-83.70862,-5,1,33.319093
31065,Montrose,GA,32.564036,-83.16019,-5,1,32.564036
31066,Musella,GA,32.799959,-84.00588,-5,1,32.799959
31067,Oconee,GA,32.860031,-82.95019,-5,1,32.860031
31068,Oglethorpe,GA,32.329164,-84.07988,-5,1,32.329164
31069,Perry,GA,32.460791,-83.73541,-5,1,32.460791
31070,Pinehurst,GA,32.185677,-83.76348,-5,1,32.185677
31071,Pineview,GA,32.13702,-83.52604,-5,1,32.13702
31072,Pitts,GA,31.951839,-83.56747,-5,1,31.951839
31073,Plainfield,GA,32.176429,-83.122891,-5,1,32.176429
31075,Rentz,GA,32.370333,-82.96091,-5,1,32.370333
31076,Reynolds,GA,32.54748,-84.10042,-5,1,32.54748
31077,Rhine,GA,31.953407,-83.18058,-5,1,31.953407
31078,Roberta,GA,32.702635,-84.03811,-5,1,32.702635
31079,Rochelle,GA,31.933079,-83.45722,-5,1,31.933079
31081,Rupert,GA,32.419094,-84.28475,-5,1,32.419094
31082,Sandersville,GA,32.984529,-82.8375,-5,1,32.984529
31083,Scotland,GA,32.046427,-82.81923,-5,1,32.046427
31084,Seville,GA,31.989039,-83.394574,-5,1,31.989039
31085,Shady Dale,GA,33.421694,-83.61433,-5,1,33.421694
31086,Smarr,GA,32.989503,-83.876108,-5,1,32.989503
31087,Sparta,GA,33.260235,-83.00647,-5,1,33.260235
31088,Warner Robins,GA,32.594698,-83.64873,-5,1,32.594698
31089,Tennille,GA,32.89115,-82.82775,-5,1,32.89115
31090,Toomsboro,GA,32.801223,-83.06671,-5,1,32.801223
31091,Unadilla,GA,32.24473,-83.72075,-5,1,32.24473
31092,Vienna,GA,32.091578,-83.79311,-5,1,32.091578
31093,Warner Robins,GA,32.638316,-83.64332,-5,1,32.638316
31094,Warthen,GA,33.125097,-82.81018,-5,1,33.125097
31095,Warner Robins,GA,32.487403,-83.669655,-5,1,32.487403
31096,Wrightsville,GA,32.71732,-82.68926,-5,1,32.71732
31097,Yatesville,GA,32.912207,-84.14812,-5,1,32.912207
31098,Warner Robins,GA,32.614742,-83.59829,-5,1,32.614742
31099,Warner Robins,GA,32.646236,-83.6513,-5,1,32.646236
31106,Atlanta,GA,33.844371,-84.47405,-5,1,33.844371
31107,Atlanta,GA,33.844371,-84.47405,-5,1,33.844371
31119,Atlanta,GA,33.891251,-84.07456,-5,1,33.891251
31126,Atlanta,GA,33.844371,-84.47405,-5,1,33.844371
31131,Atlanta,GA,33.844371,-84.47405,-5,1,33.844371
31139,Atlanta,GA,33.844371,-84.47405,-5,1,33.844371
31141,Atlanta,GA,33.891251,-84.07456,-5,1,33.891251
31145,Atlanta,GA,33.891251,-84.07456,-5,1,33.891251
31146,Atlanta,GA,33.891251,-84.07456,-5,1,33.891251
31150,Atlanta,GA,33.844371,-84.47405,-5,1,33.844371
31156,Atlanta,GA,33.844371,-84.47405,-5,1,33.844371
31191,Atlanta,GA,33.844371,-84.47405,-5,1,33.844371
31192,Atlanta,GA,33.844371,-84.47405,-5,1,33.844371
31193,Atlanta,GA,33.844371,-84.47405,-5,1,33.844371
31195,Atlanta,GA,33.844371,-84.47405,-5,1,33.844371
31196,Atlanta,GA,33.844371,-84.47405,-5,1,33.844371
31197,Atlanta,GA,33.844371,-84.47405,-5,1,33.844371
31198,Atlanta,GA,33.844371,-84.47405,-5,1,33.844371
31199,Atlanta,GA,33.844371,-84.47405,-5,1,33.844371
31201,Macon,GA,32.830839,-83.63529,-5,1,32.830839
31202,Macon,GA,32.806707,-83.691315,-5,1,32.806707
31203,Macon,GA,32.806707,-83.691315,-5,1,32.806707
31204,Macon,GA,32.844872,-83.67119,-5,1,32.844872
31205,Macon,GA,32.806707,-83.691315,-5,1,32.806707
31206,Macon,GA,32.79904,-83.67216,-5,1,32.79904
31207,Macon,GA,32.830389,-83.648552,-5,1,32.830389
31208,Macon,GA,32.806707,-83.691315,-5,1,32.806707
31209,Macon,GA,32.806707,-83.691315,-5,1,32.806707
31210,Macon,GA,32.88899,-83.72204,-5,1,32.88899
31211,Macon,GA,32.878304,-83.59963,-5,1,32.878304
31212,Macon,GA,32.806707,-83.691315,-5,1,32.806707
31213,Macon,GA,32.839289,-83.638752,-5,1,32.839289
31216,Macon,GA,32.730641,-83.6793,-5,1,32.730641
31217,Macon,GA,32.839005,-83.56749,-5,1,32.839005
31220,Macon,GA,32.862246,-83.78665,-5,1,32.862246
31221,Macon,GA,32.806707,-83.691315,-5,1,32.806707
31267,Cecil,GA,31.046761,-83.395669,-5,1,31.046761
31294,Macon,GA,32.806707,-83.691315,-5,1,32.806707
31295,Macon,GA,32.810189,-83.569001,-5,1,32.810189
31296,Macon,GA,32.806707,-83.691315,-5,1,32.806707
31297,Macon,GA,32.70045,-83.657207,-5,1,32.70045
31298,Macon,GA,32.87333,-83.708399,-5,1,32.87333
31299,Macon,GA,32.806707,-83.691315,-5,1,32.806707
31301,Allenhurst,GA,31.764663,-81.6098,-5,1,31.764663
31302,Bloomingdale,GA,32.129474,-81.33121,-5,1,32.129474
31303,Clyo,GA,32.508239,-81.3128,-5,1,32.508239
31304,Crescent,GA,31.495071,-81.381908,-5,1,31.495071
31305,Darien,GA,31.407598,-81.39094,-5,1,31.407598
31307,Eden,GA,32.183211,-81.39979,-5,1,32.183211
31308,Ellabell,GA,32.172661,-81.48447,-5,1,32.172661
31309,Fleming,GA,31.873145,-81.42676,-5,1,31.873145
31310,Hinesville,GA,31.806832,-81.437074,-5,1,31.806832
31312,Guyton,GA,32.313816,-81.3908,-5,1,32.313816
31313,Hinesville,GA,31.828575,-81.61617,-5,1,31.828575
31314,Fort Stewart,GA,31.868699,-81.61083,-5,1,31.868699
31315,Fort Stewart,GA,31.886944,-81.60109,-5,1,31.886944
31316,Ludowici,GA,31.74991,-81.75813,-5,1,31.74991
31318,Meldrim,GA,32.141974,-81.37892,-5,1,32.141974
31319,Meridian,GA,31.478486,-81.34528,-5,1,31.478486
31320,Midway,GA,31.788811,-81.37637,-5,1,31.788811
31321,Pembroke,GA,32.163245,-81.64211,-5,1,32.163245
31322,Pooler,GA,32.110421,-81.24568,-5,1,32.110421
31323,Riceboro,GA,31.658252,-81.48778,-5,1,31.658252
31324,Richmond Hill,GA,31.906365,-81.3108,-5,1,31.906365
31326,Rincon,GA,32.293147,-81.23006,-5,1,32.293147
31327,Sapelo Island,GA,31.423776,-81.27064,-5,1,31.423776
31328,Tybee Island,GA,32.006672,-80.84937,-5,1,32.006672
31329,Springfield,GA,32.390879,-81.32427,-5,1,32.390879
31331,Townsend,GA,31.547412,-81.3862,-5,1,31.547412
31332,Valona,GA,31.495071,-81.381908,-5,1,31.495071
31333,Walthourville,GA,31.77789,-81.64534,-5,1,31.77789
31337,Lenox,GA,31.271852,-83.459054,-5,1,31.271852
31401,Savannah,GA,32.068658,-81.09258,-5,1,32.068658
31402,Savannah,GA,31.971394,-81.07156,-5,1,31.971394
31403,Savannah,GA,31.971394,-81.07156,-5,1,31.971394
31404,Savannah,GA,32.046143,-81.06724,-5,1,32.046143
31405,Savannah,GA,32.043058,-81.12183,-5,1,32.043058
31406,Savannah,GA,31.988676,-81.09116,-5,1,31.988676
31407,Savannah,GA,32.162963,-81.17233,-5,1,32.162963
31408,Savannah,GA,32.106705,-81.16915,-5,1,32.106705
31409,Savannah,GA,31.971394,-81.07156,-5,1,31.971394
31410,Savannah,GA,32.022019,-80.99193,-5,1,32.022019
31411,Savannah,GA,31.927434,-81.0425,-5,1,31.927434
31412,Savannah,GA,31.971394,-81.07156,-5,1,31.971394
31414,Savannah,GA,31.971394,-81.07156,-5,1,31.971394
31415,Savannah,GA,32.075806,-81.12002,-5,1,32.075806
31416,Savannah,GA,32.005255,-81.047711,-5,1,32.005255
31418,Savannah,GA,31.971394,-81.07156,-5,1,31.971394
31419,Savannah,GA,31.986249,-81.20259,-5,1,31.986249
31420,Savannah,GA,31.971394,-81.07156,-5,1,31.971394
31421,Savannah,GA,31.971394,-81.07156,-5,1,31.971394
31422,Savannah,GA,31.971394,-81.07156,-5,1,31.971394
31424,Richmond Hill,GA,31.919866,-81.325815,-5,1,31.919866
31441,Savannah,GA,32.008183,-81.101502,-5,1,32.008183
31498,Savannah,GA,31.971394,-81.07156,-5,1,31.971394
31499,Savannah,GA,31.971394,-81.07156,-5,1,31.971394
31501,Waycross,GA,31.220059,-82.35133,-5,1,31.220059
31502,Waycross,GA,31.018954,-82.416543,-5,1,31.018954
31503,Waycross,GA,31.205194,-82.37534,-5,1,31.205194
31507,Marshallville,GA,32.452926,-83.944336,-5,1,32.452926
31510,Alma,GA,31.551458,-82.44618,-5,1,31.551458
31512,Ambrose,GA,31.57344,-83.01502,-5,1,31.57344
31513,Baxley,GA,31.768849,-82.35198,-5,1,31.768849
31515,Baxley,GA,31.717717,-82.299677,-5,1,31.717717
31516,Blackshear,GA,31.307234,-82.25779,-5,1,31.307234
31518,Bristol,GA,31.513511,-82.18481,-5,1,31.513511
31519,Broxton,GA,31.67654,-82.88991,-5,1,31.67654
31520,Brunswick,GA,31.166786,-81.49213,-5,1,31.166786
31521,Brunswick,GA,31.241505,-81.532489,-5,1,31.241505
31522,Saint Simons Island,GA,31.176516,-81.3802,-5,1,31.176516
31523,Brunswick,GA,31.212705,-81.60975,-5,1,31.212705
31524,Brunswick,GA,31.221995,-81.482551,-5,1,31.221995
31525,Brunswick,GA,31.260995,-81.49832,-5,1,31.260995
31527,Jekyll Island,GA,31.06419,-81.42072,-5,1,31.06419
31532,Denton,GA,31.718382,-82.73595,-5,1,31.718382
31533,Douglas,GA,31.522042,-82.84153,-5,1,31.522042
31534,Douglas,GA,31.571596,-82.854631,-5,1,31.571596
31535,Douglas,GA,31.464973,-82.86325,-5,1,31.464973
31537,Folkston,GA,30.860915,-82.02194,-5,1,30.860915
31539,Hazlehurst,GA,31.844772,-82.59809,-5,1,31.844772
31542,Hoboken,GA,31.1747,-82.13812,-5,1,31.1747
31543,Hortense,GA,31.320167,-81.85818,-5,1,31.320167
31544,Jacksonville,GA,31.840974,-82.96137,-5,1,31.840974
31545,Jesup,GA,31.636895,-81.90843,-5,1,31.636895
31546,Jesup,GA,31.575166,-81.86481,-5,1,31.575166
31547,Kings Bay,GA,30.804684,-81.627717,-5,1,30.804684
31548,Kingsland,GA,30.793409,-81.68428,-5,1,30.793409
31549,Lumber City,GA,31.928525,-82.69332,-5,1,31.928525
31550,Manor,GA,31.101953,-82.58299,-5,1,31.101953
31551,Mershon,GA,31.496025,-82.27322,-5,1,31.496025
31552,Millwood,GA,31.281103,-82.6201,-5,1,31.281103
31553,Nahunta,GA,31.17326,-81.97244,-5,1,31.17326
31554,Nicholls,GA,31.495983,-82.62928,-5,1,31.495983
31555,Odum,GA,31.670475,-82.04944,-5,1,31.670475
31556,Offerman,GA,31.412649,-82.115541,-5,1,31.412649
31557,Patterson,GA,31.372403,-82.10743,-5,1,31.372403
31558,Saint Marys,GA,30.761081,-81.56912,-5,1,30.761081
31560,Screven,GA,31.515981,-82.04908,-5,1,31.515981
31561,Sea Island,GA,31.198914,-81.332211,-5,1,31.198914
31563,Surrency,GA,31.715778,-82.19784,-5,1,31.715778
31564,Waresboro,GA,31.018954,-82.416543,-5,1,31.018954
31565,Waverly,GA,31.066479,-81.62656,-5,1,31.066479
31566,Waynesville,GA,31.144635,-81.83011,-5,1,31.144635
31567,West Green,GA,31.631943,-82.71829,-5,1,31.631943
31568,White Oak,GA,31.003385,-81.79512,-5,1,31.003385
31569,Woodbine,GA,30.915778,-81.67924,-5,1,30.915778
31598,Jesup,GA,31.578181,-81.880222,-5,1,31.578181
31599,Jesup,GA,31.578181,-81.880222,-5,1,31.578181
31601,Valdosta,GA,30.807279,-83.28661,-5,1,30.807279
31602,Valdosta,GA,30.866613,-83.30078,-5,1,30.866613
31603,Valdosta,GA,30.827965,-83.252192,-5,1,30.827965
31604,Valdosta,GA,30.827965,-83.252192,-5,1,30.827965
31605,Valdosta,GA,30.92205,-83.25332,-5,1,30.92205
31606,Valdosta,GA,30.802411,-83.19624,-5,1,30.802411
31607,Valdosta,GA,30.831442,-83.318647,-5,1,30.831442
31610,Sparks,GA,31.172669,-83.439433,-5,1,31.172669
31620,Adel,GA,31.133004,-83.42736,-5,1,31.133004
31622,Alapaha,GA,31.379665,-83.21803,-5,1,31.379665
31623,Argyle,GA,31.071563,-82.65232,-5,1,31.071563
31624,Axson,GA,31.297883,-82.71029,-5,1,31.297883
31625,Barney,GA,31.003274,-83.5282,-5,1,31.003274
31626,Boston,GA,30.782963,-83.78882,-5,1,30.782963
31627,Cecil,GA,31.047996,-83.39135,-5,1,31.047996
31629,Dixie,GA,30.802821,-83.69126,-5,1,30.802821
31630,Du Pont,GA,30.96373,-82.86455,-5,1,30.96373
31631,Fargo,GA,30.680867,-82.58028,-5,1,30.680867
31632,Hahira,GA,30.991859,-83.36415,-5,1,30.991859
31634,Homerville,GA,31.062818,-82.72399,-5,1,31.062818
31635,Lakeland,GA,31.055578,-83.07103,-5,1,31.055578
31636,Lake Park,GA,30.72289,-83.13302,-5,1,30.72289
31637,Lenox,GA,31.291612,-83.45328,-5,1,31.291612
31638,Morven,GA,30.935087,-83.50211,-5,1,30.935087
31639,Nashville,GA,31.199,-83.2188,-5,1,31.199
31641,Naylor,GA,30.934298,-83.08841,-5,1,30.934298
31642,Pearson,GA,31.27291,-82.83342,-5,1,31.27291
31643,Quitman,GA,30.783639,-83.55343,-5,1,30.783639
31645,Ray City,GA,31.070627,-83.20286,-5,1,31.070627
31646,Saint George,GA,30.518903,-82.08063,-5,1,30.518903
31647,Sparks,GA,31.183567,-83.43559,-5,1,31.183567
31648,Statenville,GA,30.703175,-83.02568,-5,1,30.703175
31649,Stockton,GA,30.957421,-83.00524,-5,1,30.957421
31650,Willacoochee,GA,31.375165,-83.01949,-5,1,31.375165
31659,Nashville,GA,31.205388,-83.246084,-5,1,31.205388
31698,Valdosta,GA,30.84848,-83.287753,-5,1,30.84848
31699,Valdosta,GA,30.965263,-83.19316,-5,1,30.965263
31700,Albany,GA,31.564274,-84.165407,-5,1,31.564274
31701,Albany,GA,31.580774,-84.16044,-5,1,31.580774
31702,Albany,GA,31.594782,-84.194812,-5,1,31.594782
31703,Albany,GA,31.543065,-84.219594,-5,1,31.543065
31704,Albany,GA,31.549975,-84.061155,-5,1,31.549975
31705,Albany,GA,31.552483,-84.09678,-5,1,31.552483
31706,Albany,GA,31.559274,-84.176507,-5,1,31.559274
31707,Albany,GA,31.568073,-84.22644,-5,1,31.568073
31708,Albany,GA,31.591073,-84.132357,-5,1,31.591073
31709,Americus,GA,32.071641,-84.21942,-5,1,32.071641
31710,Americus,GA,32.051235,-84.181547,-5,1,32.051235
31711,Andersonville,GA,32.195361,-84.137,-5,1,32.195361
31712,Arabi,GA,31.836577,-83.72045,-5,1,31.836577
31713,Arlington,GA,31.427845,-84.71025,-5,1,31.427845
31714,Ashburn,GA,31.709742,-83.66519,-5,1,31.709742
31715,Attapulgus,GA,30.743234,-84.48229,-5,1,30.743234
31716,Baconton,GA,31.3709,-84.12921,-5,1,31.3709
31717,Bainbridge,GA,30.884525,-84.58951,-5,1,30.884525
31718,Bainbridge,GA,30.901863,-84.570049,-5,1,30.901863
31719,Americus,GA,32.085491,-84.252665,-5,1,32.085491
31720,Barwick,GA,30.890906,-83.73816,-5,1,30.890906
31721,Albany,GA,31.56889,-84.248211,-5,1,31.56889
31722,Berlin,GA,31.067313,-83.62288,-5,1,31.067313
31723,Blakely,GA,31.334337,-84.94899,-5,1,31.334337
31724,Bluffton,GA,31.528299,-84.86025,-5,1,31.528299
31725,Brinson,GA,30.945016,-84.72284,-5,1,30.945016
31726,Bronwood,GA,31.832214,-84.35727,-5,1,31.832214
31727,Brookfield,GA,31.44172,-83.503715,-5,1,31.44172
31728,Cairo,GA,30.87039,-84.21343,-5,1,30.87039
31729,Calvary,GA,30.729915,-84.34762,-5,1,30.729915
31730,Camilla,GA,31.209854,-84.23667,-5,1,31.209854
31732,Cedar Springs,GA,31.169794,-85.0557,-5,1,31.169794
31733,Chula,GA,31.592199,-83.48004,-5,1,31.592199
31734,Climax,GA,30.88096,-84.42415,-5,1,30.88096
31735,Cobb,GA,31.959367,-83.96028,-5,1,31.959367
31736,Coleman,GA,31.650442,-84.87908,-5,1,31.650442
31737,Colquitt,GA,31.152253,-84.69653,-5,1,31.152253
31738,Coolidge,GA,31.012042,-83.87218,-5,1,31.012042
31739,Cotton,GA,31.260443,-84.253089,-5,1,31.260443
31740,Cuthbert,GA,31.781815,-84.76444,-5,1,31.781815
31741,Damascus,GA,31.299009,-84.68772,-5,1,31.299009
31742,Dawson,GA,31.756995,-84.43357,-5,1,31.756995
31743,De Soto,GA,31.930451,-84.02921,-5,1,31.930451
31744,Doerun,GA,31.325004,-83.90937,-5,1,31.325004
31745,Donalsonville,GA,30.974364,-84.87703,-5,1,30.974364
31746,Edison,GA,31.563327,-84.75869,-5,1,31.563327
31747,Ellenton,GA,31.176563,-83.58801,-5,1,31.176563
31749,Enigma,GA,31.439212,-83.34041,-5,1,31.439212
31750,Fitzgerald,GA,31.720029,-83.25093,-5,1,31.720029
31751,Fort Gaines,GA,31.631333,-85.03241,-5,1,31.631333
31752,Fowlstown,GA,30.803291,-84.54711,-5,1,30.803291
31753,Funston,GA,31.205365,-83.877554,-5,1,31.205365
31754,Georgetown,GA,31.860476,-85.07534,-5,1,31.860476
31756,Hartsfield,GA,31.177174,-83.96555,-5,1,31.177174
31757,Thomasville,GA,30.883208,-83.91237,-5,1,30.883208
31758,Thomasville,GA,30.868187,-83.927785,-5,1,30.868187
31759,Iron City,GA,31.011595,-84.80242,-5,1,31.011595
31760,Irwinville,GA,31.706283,-83.408633,-5,1,31.706283
31761,Jakin,GA,31.113122,-85.00251,-5,1,31.113122
31762,Leary,GA,31.454628,-84.51726,-5,1,31.454628
31763,Leesburg,GA,31.714526,-84.16931,-5,1,31.714526
31764,Leslie,GA,31.98309,-84.06866,-5,1,31.98309
31765,Meigs,GA,31.082141,-84.05767,-5,1,31.082141
31766,Morgan,GA,31.575228,-84.59849,-5,1,31.575228
31767,Morris,GA,31.834324,-84.94739,-5,1,31.834324
31768,Moultrie,GA,31.165358,-83.77172,-5,1,31.165358
31769,Mystic,GA,31.620866,-83.249754,-5,1,31.620866
31770,Newton,GA,31.33349,-84.36269,-5,1,31.33349
31771,Norman Park,GA,31.256287,-83.66005,-5,1,31.256287
31772,Oakfield,GA,31.723178,-83.9628,-5,1,31.723178
31773,Ochlocknee,GA,30.977162,-84.0615,-5,1,30.977162
31774,Ocilla,GA,31.586426,-83.27583,-5,1,31.586426
31775,Omega,GA,31.334062,-83.59971,-5,1,31.334062
31776,Moultrie,GA,31.172696,-83.792379,-5,1,31.172696
31777,Parrott,GA,31.905462,-84.51526,-5,1,31.905462
31778,Pavo,GA,30.966781,-83.72075,-5,1,30.966781
31779,Pelham,GA,31.117271,-84.15678,-5,1,31.117271
31780,Plains,GA,32.026125,-84.39361,-5,1,32.026125
31781,Poulan,GA,31.526584,-83.79025,-5,1,31.526584
31782,Putney,GA,31.543065,-84.219594,-5,1,31.543065
31783,Rebecca,GA,31.767986,-83.47325,-5,1,31.767986
31784,Sale City,GA,31.258794,-84.02897,-5,1,31.258794
31785,Sasser,GA,31.689973,-84.32748,-5,1,31.689973
31786,Shellman,GA,31.72952,-84.60173,-5,1,31.72952
31787,Smithville,GA,31.901066,-84.25037,-5,1,31.901066
31789,Sumner,GA,31.484091,-83.73515,-5,1,31.484091
31790,Sycamore,GA,31.652542,-83.57934,-5,1,31.652542
31791,Sylvester,GA,31.536886,-83.86041,-5,1,31.536886
31792,Thomasville,GA,30.817654,-83.98919,-5,1,30.817654
31793,Tifton,GA,31.485438,-83.503621,-5,1,31.485438
31794,Tifton,GA,31.459666,-83.51083,-5,1,31.459666
31795,Ty Ty,GA,31.47387,-83.66484,-5,1,31.47387
31796,Warwick,GA,31.782466,-83.86973,-5,1,31.782466
31797,Whigham,GA,30.888809,-84.32976,-5,1,30.888809
31798,Wray,GA,31.621764,-83.05502,-5,1,31.621764
31799,Thomasville,GA,30.880968,-83.885902,-5,1,30.880968
31801,Box Springs,GA,32.527813,-84.59822,-5,1,32.527813
31803,Buena Vista,GA,32.315915,-84.52238,-5,1,32.315915
31804,Cataula,GA,32.651617,-84.88805,-5,1,32.651617
31805,Cusseta,GA,32.285535,-84.76332,-5,1,32.285535
31806,Ellaville,GA,32.246795,-84.32008,-5,1,32.246795
31807,Ellerslie,GA,32.634965,-84.80137,-5,1,32.634965
31808,Fortson,GA,32.638885,-85.00736,-5,1,32.638885
31810,Geneva,GA,32.57791,-84.54513,-5,1,32.57791
31811,Hamilton,GA,32.722333,-84.95803,-5,1,32.722333
31812,Junction City,GA,32.614374,-84.44513,-5,1,32.614374
31814,Louvale,GA,32.154164,-84.83857,-5,1,32.154164
31815,Lumpkin,GA,32.030297,-84.81218,-5,1,32.030297
31816,Manchester,GA,32.862377,-84.60879,-5,1,32.862377
31820,Midland,GA,32.566197,-84.84122,-5,1,32.566197
31821,Omaha,GA,32.1342,-84.98499,-5,1,32.1342
31822,Pine Mountain,GA,32.867211,-84.88437,-5,1,32.867211
31823,Pine Mountain Valley,GA,32.801174,-84.82038,-5,1,32.801174
31824,Preston,GA,32.051618,-84.53419,-5,1,32.051618
31825,Richland,GA,32.109225,-84.66063,-5,1,32.109225
31826,Shiloh,GA,32.803518,-84.69384,-5,1,32.803518
31827,Talbotton,GA,32.683146,-84.52243,-5,1,32.683146
31829,Upatoi,GA,32.557718,-84.73957,-5,1,32.557718
31830,Warm Springs,GA,32.896166,-84.71191,-5,1,32.896166
31831,Waverly Hall,GA,32.698622,-84.71552,-5,1,32.698622
31832,Weston,GA,31.973541,-84.62522,-5,1,31.973541
31833,West Point,GA,32.867469,-85.13779,-5,1,32.867469
31836,Woodland,GA,32.797475,-84.54095,-5,1,32.797475
31901,Columbus,GA,32.471492,-84.98005,-5,1,32.471492
31902,Columbus,GA,32.524252,-84.955843,-5,1,32.524252
31903,Columbus,GA,32.423311,-84.94879,-5,1,32.423311
31904,Columbus,GA,32.513391,-84.97753,-5,1,32.513391
31905,Fort Benning,GA,32.37349,-84.90612,-5,1,32.37349
31906,Columbus,GA,32.468442,-84.95128,-5,1,32.468442
31907,Columbus,GA,32.479492,-84.90942,-5,1,32.479492
31908,Columbus,GA,32.534852,-84.906483,-5,1,32.534852
31909,Columbus,GA,32.53554,-84.92583,-5,1,32.53554
31914,Columbus,GA,32.491005,-84.874123,-5,1,32.491005
31917,Columbus,GA,32.491005,-84.874123,-5,1,32.491005
31993,Columbus,GA,32.482142,-84.977131,-5,1,32.482142
31994,Columbus,GA,32.491005,-84.874123,-5,1,32.491005
31995,Fort Benning,GA,32.495841,-84.963981,-5,1,32.495841
31997,Columbus,GA,32.491005,-84.874123,-5,1,32.491005
31998,Columbus,GA,32.491005,-84.874123,-5,1,32.491005
31999,Columbus,GA,32.491005,-84.874123,-5,1,32.491005
39901,Atlanta,GA,33.891251,-84.07456,-5,1,33.891251
